-5AwGn04sAU, 20, 30, "/m/07r660_,/m/09x0r"
-A1p92eMiGg, 10, 20, "/m/07r660_,/m/09x0r,/t/dd00125"
-AXUlQNaJb0, 40, 50, "/m/01j3sz,/m/03qc9zr,/m/07r660_"
-T_uw2LeDWU, 70, 80, "/m/07r660_,/m/09x0r,/m/0ytgt,/t/dd00001"
-_NWFPRbOtU, 30, 40, "/m/07r660_,/m/09x0r"
-jR6zkus6nc, 30, 40, "/m/07r660_"
-scktuy9RXs, 90, 100, "/m/07r660_,/m/09x0r,/t/dd00125"
-z-1R1VxTZo, 0, 10, "/m/07r660_,/m/09x0r,/t/dd00129"
0-Qj2Uymp_o, 30, 40, "/m/07r660_,/m/09x0r"
0C8veLHkEbo, 90, 100, "/m/01j3sz,/m/07r660_,/m/09x0r"
0ELlA8EdtZw, 0, 10, "/m/07r660_,/m/07sq110,/m/09x0r,/m/0ytgt,/t/dd00125"
0F5SIMpJm-g, 6, 16, "/m/07r660_,/m/09x0r"
0G6OTYrqB2Y, 30, 40, "/m/01j3sz,/m/07r660_,/m/07sq110,/t/dd00001"
0IgdqvjI2u4, 10, 20, "/m/07r660_,/m/09x0r,/t/dd00125"
0Q1T9RuTAnE, 40, 50, "/m/01j3sz,/m/07r660_,/t/dd00001"
0_dPlaI3bJo, 21, 31, "/m/01j3sz,/m/07r660_,/m/07sq110"
0cSIGg0dZWM, 100, 110, "/m/07r660_,/m/09x0r,/m/0ytgt"
0di55Yw-YYE, 60, 70, "/m/07r660_,/m/09x0r,/m/0ytgt,/t/dd00001"
0gpJYhcTWAM, 10, 20, "/m/02fs_r,/m/07r660_,/m/0ytgt"
0l1acpkziXE, 140, 150, "/m/03qc9zr,/m/07r660_,/m/09x0r"
0m_goFeDmTM, 50, 60, "/m/07r660_,/m/09x0r"
0nFXgrgdfW0, 0, 10, "/m/07r660_"
0nU_y9EBH3E, 30, 40, "/m/07r660_"
0uJFVlaLwJ4, 320, 330, "/m/015lz1,/m/07r660_,/m/07sq110,/m/09x0r,/t/dd00125"
144HjFkY-7A, 30, 40, "/m/07r660_,/m/09x0r"
18L7Pi6Xw-w, 30, 40, "/m/04rlf,/m/07r660_,/m/09x0r"
1BFKty-ICOs, 250, 260, "/m/07r660_,/m/09x0r"
1EwFiOuOfko, 590, 600, "/m/07r660_,/m/0ytgt"
1GoLVFklzZQ, 40, 50, "/m/07r660_,/m/09x0r,/t/dd00125"
1I28iHL0Ndg, 30, 40, "/m/07r660_,/m/09x0r"
1JQhilKesFo, 30, 40, "/m/07r660_"
1P7OMP2iXcQ, 350, 360, "/m/07r660_,/m/09x0r"
1PYDkFh4qh0, 10, 20, "/m/07r660_,/m/09x0r,/t/dd00125"
1Q1It-Cv1V4, 30, 40, "/m/04rlf,/m/07r660_,/m/09x0r"
1XUei8C0jxA, 20, 30, "/m/01j3sz,/m/07r660_,/m/07s04w4,/m/0ytgt"
1YypPKD2OUs, 140, 150, "/m/01j3sz,/m/07r660_,/m/09x0r"
1_OtJdpEFdM, 30, 40, "/m/07r660_,/m/09x0r"
1aXeTBJqNFA, 0, 3, "/m/07r660_"
1beqiUrL9Pc, 30, 40, "/m/07r660_"
1kVx_XmU6OY, 0, 5, "/m/07r660_"
1nNO8Ql6rbY, 210, 220, "/m/01j3sz,/m/07r660_"
1pkbLB7AXWM, 0, 10, "/m/01j3sz,/m/0261r1,/m/07r660_,/m/09x0r,/m/0ytgt"
25mWLDZrTjY, 30, 40, "/m/04rlf,/m/07r660_"
2E8lxYGbyIQ, 50, 60, "/m/07r660_,/t/dd00125"
2H7YAgyNp6g, 0, 10, "/m/0463cq4,/m/07r660_,/m/09x0r,/t/dd00002"
2MWBRXeIqc4, 150, 160, "/m/01j3sz,/m/07r660_"
2N40NRttbcU, 30, 40, "/m/07r660_,/m/09x0r"
2Tjgs-iUKsU, 50, 60, "/m/07r660_"
2XQgWhslo6s, 21, 31, "/m/07r660_,/m/09x0r"
2pHHPoLARsQ, 30, 40, "/m/01j3sz,/m/07r660_"
2qUPYJxT6oI, 170, 180, "/m/04rlf,/m/07r660_,/m/09x0r"
2u0XPq0nfos, 380, 390, "/m/07r660_,/m/09x0r,/t/dd00125"
33m9tv3bLPo, 0, 2, "/m/07r660_"
35twa_Mflb4, 80, 90, "/m/07r660_,/m/09x0r"
3BWyVu2qs9c, 90, 100, "/m/07r660_,/m/09x0r"
3C1IpjsyHEA, 110, 120, "/m/07r660_,/m/07rgt08,/m/0ytgt"
3DylwGXXYWw, 160, 170, "/m/07r660_,/m/09x0r,/m/0ytgt,/t/dd00001,/t/dd00125"
3FE0GjL8pfs, 180, 190, "/m/07r660_,/m/07sq110,/m/09x0r,/t/dd00125"
3IiEyi78S84, 390, 400, "/m/03q5_w,/m/07r660_,/m/09x0r,/m/0ytgt"
3IpFS8DpZ8o, 30, 40, "/m/07r660_"
3VDwsmbtLBA, 20, 30, "/m/01j3sz,/m/07r660_"
3YyKBMnd6Dk, 40, 50, "/m/07r660_,/m/09x0r,/m/0ytgt"
3el9MeF8qic, 70, 80, "/m/07r660_,/m/09x0r"
3f6f20UkVmM, 30, 40, "/m/07r660_"
3ifbvZO4S6s, 130, 140, "/m/07qz6j3,/m/07r660_,/m/09x0r,/m/0ytgt,/t/dd00125"
3lyqigcxT3s, 50, 60, "/m/07r660_,/m/09x0r"
3mDx2YTf2xs, 40, 50, "/m/0261r1,/m/07r660_"
3t8YRSOGh-o, 350, 360, "/m/07r660_,/m/09x0r"
3zouGLXR4sM, 100, 110, "/m/07r660_,/m/09x0r"
410v_AdMB_E, 110, 120, "/m/07r660_,/m/09x0r"
42YWDXQzFxo, 26, 36, "/m/07r660_,/m/09x0r"
4HEp0uoaqrI, 20, 30, "/m/07r660_,/m/09x0r"
4Iy5ZcanjNM, 310, 320, "/m/07r660_,/m/07sq110,/m/09x0r,/m/0ytgt,/t/dd00001,/t/dd00125"
4PrrKm7KizM, 170, 180, "/m/07r660_,/m/09x0r,/t/dd00125"
4Q6g7zkzNAw, 50, 60, "/m/07r660_"
4U9iy9jPKOY, 30, 40, "/m/07r660_"
4V3TFiHFqDc, 120, 130, "/m/0463cq4,/m/07r660_,/m/09x0r,/t/dd00002,/t/dd00125"
4_zQwRXynHo, 260, 270, "/m/07r660_,/m/09x0r,/t/dd00125"
4bEQjVKtLQo, 30, 40, "/m/01j3sz,/m/04rlf,/m/07r660_,/m/09x0r"
4d6FzTGtQjs, 30, 40, "/m/07r660_,/m/09x0r"
4fONUQEsRic, 40, 50, "/m/03dnzn,/m/07r660_"
4hOXlcm1mDc, 30, 40, "/m/07r660_,/m/09x0r"
4k5q-JXkRdQ, 80, 90, "/m/07r660_,/m/09x0r"
4pvv1Bna3oI, 20, 30, "/m/0463cq4,/m/07r660_,/m/09x0r,/t/dd00125"
4zQu8yxNh5g, 10, 20, "/m/07r660_,/m/0ytgt"
5093Ruo6FVA, 30, 40, "/m/07r660_,/t/dd00126"
52y_0oUYQps, 50, 60, "/m/07r660_,/m/07sq110,/m/09x0r,/t/dd00001,/t/dd00125"
57rX-_ti2ps, 20, 30, "/m/01j3sz,/m/07r660_,/m/09x0r,/t/dd00001"
5D8BAGFlva8, 110, 120, "/m/07r660_,/m/09x0r,/m/0ytgt"
5HrA9jB7zrU, 20, 30, "/m/07r660_,/m/07rgt08,/m/0ytgt"
5LQUc4qgpMo, 30, 40, "/m/07r660_,/m/09x0r"
5MZYUwiSfVg, 70, 80, "/m/01j3sz,/m/07r660_,/m/07rgt08"
5TiquVj2Z2o, 320, 330, "/m/07r660_,/m/09x0r,/t/dd00125"
5XnsjejiOQI, 8, 18, "/m/07r660_,/m/09x0r"
5ZojbRmn_ZI, 10, 20, "/m/07r660_,/m/09x0r"
5ahTLJK5BXA, 70, 80, "/m/07r660_,/m/09x0r,/m/0ytgt,/t/dd00125"
5bBKvxlLH68, 100, 110, "/m/07r660_,/m/09x0r,/t/dd00125"
5bKuJi2uC5U, 10, 20, "/m/07r660_"
5dUZCf7tGIo, 10, 20, "/m/07r660_"
5k7R6g6wTT4, 10, 20, "/m/07r660_"
5pDb76g6Jos, 150, 160, "/m/07r660_,/m/07sq110,/m/09x0r,/t/dd00125"
5q5RhQZnZQ0, 80, 90, "/m/07r660_,/m/07sq110,/m/09x0r,/t/dd00125"
5r5F_3q33B8, 60, 70, "/m/07r660_,/m/09x0r"
5vK2-cJAcdk, 50, 60, "/m/07r660_"
5vcBhw18Fmk, 13, 23, "/m/07r660_,/m/09x0r"
5vyUN1VB_ts, 30, 40, "/m/04rlf,/m/07r660_,/m/09x0r"
5wAQaFYVEaQ, 70, 80, "/m/01j3sz,/m/07r660_"
6PjC9sMqGT0, 30, 40, "/m/07r660_,/t/dd00001"
6VjMmk0Oox0, 50, 60, "/m/01j3sz,/m/07r660_,/m/09x0r"
6b8CP_WyNgM, 20, 30, "/m/01j3sz,/m/07r660_"
6fzGWTDGXlk, 40, 50, "/m/07r660_,/m/09x0r"
6qmyyrSvO_o, 6, 16, "/m/07r660_,/m/09x0r"
6u_uXOKH2ZE, 80, 90, "/m/015p6,/m/07r660_,/t/dd00001,/t/dd00125"
6vR0uox4iOk, 130, 140, "/m/01j3sz,/m/07r660_,/m/09x0r"
6wQ7nwxEk-k, 90, 100, "/m/07r660_,/m/09x0r"
6zKaTu0MTns, 0, 5, "/m/07r660_"
70JxIOkUj_w, 20, 30, "/m/03q5_w,/m/07r660_,/m/09x0r"
73phKdahss8, 30, 40, "/m/0463cq4,/m/07r660_,/m/09x0r,/m/0ytgt,/t/dd00002"
75wFOfyuJS8, 530, 540, "/m/07r660_,/m/07rgt08,/m/07sq110"
77MJpeqPxRk, 3, 13, "/m/07r660_,/m/09x0r"
78aQzV_MJWE, 140, 150, "/m/04rlf,/m/07r660_,/m/09x0r,/t/dd00125"
7B43zXCVr8Q, 150, 160, "/m/07r660_,/m/07sq110,/m/09x0r"
7KFvGArvnfg, 30, 40, "/m/07r660_,/m/09x0r"
7P5Jpl4OLmI, 10, 20, "/m/01j3sz,/m/07r660_,/m/09x0r"
7UvS6lGHAig, 120, 130, "/m/07r660_,/m/07rgt08,/m/0ytgt"
7XeLOuPChsE, 0, 10, "/m/02_nn,/m/07r660_,/m/09x0r"
7fbnTIAorYU, 30, 40, "/m/07r660_,/m/09x0r"
7ktvH0FsQpU, 40, 50, "/m/07r660_,/m/09x0r,/t/dd00125"
7lfNcqHYuws, 300, 310, "/m/07r660_,/m/0ytgt"
7mIf9xa2ZAk, 90, 100, "/m/07r660_,/m/09x0r,/t/dd00125"
7vKs14qgBco, 130, 140, "/m/07r660_,/m/09x0r,/t/dd00125"
7zEoHj2RAWo, 40, 50, "/m/07r660_,/m/09x0r"
7zMZNiwGpRs, 480, 490, "/m/07r660_,/m/09x0r,/t/dd00125"
8-gcnDUEqnQ, 80, 90, "/m/07r660_,/m/09x0r"
82d_v2RfKsA, 40, 50, "/m/02_nn,/m/07r660_,/m/09x0r"
84dWm3rm504, 30, 40, "/m/04rlf,/m/07r660_,/m/09x0r"
88ta4Rd0Pso, 390, 400, "/m/07r660_"
8AtKaQkXlyY, 30, 40, "/m/07r660_,/m/09x0r"
8DTw8Udr4rA, 80, 90, "/m/07r660_,/m/09x0r,/m/0ytgt,/t/dd00125"
8P1xuiEysh4, 20, 30, "/m/07r660_,/m/09x0r,/m/0ytgt"
8QSw-eWK6Cs, 30, 40, "/m/07r660_,/m/0ytgt"
8_-2UG03bvY, 40, 50, "/m/07r660_,/m/09x0r,/t/dd00125"
8ixudjOgcqs, 20, 30, "/m/01j3sz,/m/07r660_"
8k67OhLvuug, 20, 30, "/m/07r660_,/m/09x0r"
8oHvcQyO3CM, 70, 80, "/m/07r660_,/m/09x0r"
8yY8woQQmCo, 50, 60, "/m/07r660_,/m/07sq110,/m/09x0r"
90-X2HBXZsg, 90, 100, "/m/07r660_,/m/09x0r,/t/dd00001"
9ACG1UGeWn0, 460, 470, "/m/04rlf,/m/07r660_,/m/09x0r"
9AUCl0C7UH0, 140, 150, "/m/07r660_,/m/09x0r"
9ZS2wgyGl9M, 30, 40, "/m/07r660_,/m/09x0r,/m/0ytgt,/t/dd00125"
9Zd3g82muhQ, 50, 60, "/m/07r660_,/m/09x0r"
9bZhKjPrYDQ, 20, 30, "/m/07r660_,/m/07sq110,/m/09x0r,/t/dd00001,/t/dd00125"
9c2DT1zTCl0, 0, 4, "/m/07r660_"
9c6w7JO0Euk, 10, 20, "/m/07r660_,/m/09x0r"
9cv0DTiW5ho, 180, 190, "/m/07r660_,/m/09x0r,/t/dd00001"
9fL0E3nxDxI, 10, 20, "/m/01j3sz,/m/07r660_,/m/09x0r"
9qWwPacgqwI, 30, 40, "/m/07r660_,/m/09x0r"
9u7b-E4wCIM, 40, 50, "/m/07r660_,/m/09x0r"
A68N5BOvahc, 30, 40, "/m/07r660_"
A9KfqABNYlQ, 110, 120, "/m/07r660_,/m/09x0r"
ACdnbH0j_t0, 140, 150, "/m/015lz1,/m/07r660_,/m/0ytgt"
AERPr05ga2I, 100, 110, "/m/07r660_,/m/09x0r,/t/dd00125"
AGj1WF4zoHo, 470, 480, "/m/07r660_,/m/09x0r,/t/dd00125"
AK9paigQCcA, 70, 80, "/m/07r660_,/m/09x0r,/t/dd00001"
AQmG2efufi0, 0, 5, "/m/07r660_,/m/09x0r"
A_UVy549lDY, 0, 2, "/m/04rlf,/m/07r660_"
Ad4ze1PME68, 20, 30, "/m/01j3sz,/m/07r660_,/m/09x0r,/t/dd00001"
AlIwXPhHfyY, 170, 180, "/m/07r660_,/m/09x0r,/m/0ytgt,/t/dd00125"
AmBOCtH7G1Y, 20, 30, "/m/07r660_"
AzKh6Z_TzfM, 410, 420, "/m/03qc9zr,/m/07r660_,/m/09x0r,/t/dd00126"
B0ynLeh7qxs, 40, 50, "/m/07r660_,/m/09x0r"
B20y48CfrnE, 30, 40, "/m/04rlf,/m/07r660_,/m/09x0r"
BBdVv4Wv8A0, 30, 40, "/m/04rlf,/m/07r660_,/m/09x0r"
BC6LOjrmb3c, 100, 110, "/m/07r660_,/m/09x0r"
BEq_83h6v0I, 120, 130, "/m/01j3sz,/m/07r660_"
BHL1hcFmB60, 28, 38, "/m/07r660_,/m/09x0r"
BIUfg127DZ4, 20, 30, "/m/01j3sz,/m/04rlf,/m/07r660_,/m/09x0r"
BOp5TY8CxVc, 30, 40, "/m/07r660_"
BPMilhaKd1s, 30, 40, "/m/07r660_,/m/09x0r,/t/dd00125"
BTyukY7Tb-U, 0, 10, "/m/07r660_,/m/07rgt08"
BXH-Gt-BLhA, 140, 150, "/m/07r660_,/m/09x0r"
BcBlptZ8kQI, 19, 29, "/m/04rlf,/m/07r660_"
BpHBIjrQhdI, 0, 8, "/m/07r660_"
BuD3zqP1TbU, 60, 70, "/m/05tny_,/m/068hy,/m/07r660_,/m/09x0r,/m/0bt9lr,/m/0jbk"
BwRdHZvrW9w, 0, 10, "/m/07r660_"
ByRE-QKBCSA, 50, 60, "/m/07r660_,/m/09x0r,/m/0ytgt"
ByYyHWsXVjU, 20, 30, "/m/01j3sz,/m/07r660_"
C2IJAR-bzzo, 80, 90, "/m/0261r1,/m/07r660_,/m/09x0r,/t/dd00125"
CDejWyOd7FQ, 10, 20, "/m/07r660_,/m/09x0r,/t/dd00126"
CIg_qKWU5WE, 540, 550, "/m/04rlf,/m/07r660_,/t/dd00001,/t/dd00125"
CJYAgzFesyI, 30, 40, "/m/07r660_,/m/09x0r"
CJhzcqYBIPg, 19, 29, "/m/07r660_"
CRWEAf9ukQY, 140, 150, "/m/07r660_,/m/09x0r,/t/dd00128"
CYnUmA_zmcA, 550, 560, "/m/04rlf,/m/07r660_,/m/09x0r,/t/dd00125"
Cd2OoHL5QjY, 20, 30, "/m/07r660_,/m/09x0r"
CdFnHdhcNl0, 100, 110, "/m/07qz6j3,/m/07r660_,/m/09x0r"
ChrhIvYsU0g, 40, 50, "/m/07r660_"
Cm_9S3kl3MY, 180, 190, "/m/07r660_,/m/09x0r,/t/dd00125"
ConYd8yBAzo, 0, 10, "/m/07r660_,/m/09x0r,/t/dd00125"
Cqhx56KJFCg, 30, 40, "/m/07r660_,/m/09x0r"
D-jAbma4lW4, 390, 400, "/m/07r660_,/m/09x0r,/m/0ytgt,/t/dd00001,/t/dd00125"
D53KMfZZm2s, 160, 170, "/m/07r660_,/m/09x0r,/m/0ytgt"
DFdIt05Yz1w, 10, 20, "/m/04rlf,/m/07r660_,/m/07sq110,/t/dd00125"
DNvQeY8q7qE, 0, 6, "/m/07r660_"
DV97R1NTQ1M, 0, 10, "/m/07r660_,/m/09x0r,/t/dd00125"
DXuxSV7wa1s, 320, 330, "/m/07r660_,/m/07sq110,/m/09x0r,/t/dd00125"
Da2lQJvt2xI, 0, 10, "/m/07r660_,/m/09x0r"
Db_F6z_PPUs, 10, 20, "/m/07r660_"
Dh7_L7Ch21M, 130, 140, "/m/07r660_,/m/07sq110,/m/09x0r,/t/dd00125"
Dl5rA7BkpWY, 100, 110, "/m/07r660_,/m/07rgt08"
DpI5ywDqdrE, 1, 11, "/m/07r660_,/m/09x0r"
DpW9MHpgqH0, 10, 20, "/m/01j3sz,/m/07r660_"
E5FbNRIJmUE, 30, 40, "/m/04rlf,/m/07r660_,/m/09x0r"
EGmD2prcy2s, 220, 230, "/m/07r660_,/m/07rgt08,/m/09x0r,/m/0ytgt"
EIZp2QBbgYY, 30, 40, "/m/01z5f,/m/068hy,/m/07r660_,/m/07rc7d9,/m/07sq110,/m/0bt9lr,/m/0jbk"
EMQtjbQgCho, 70, 80, "/m/07r660_,/m/09x0r"
ENTlsd_iWcs, 80, 90, "/m/07r660_,/t/dd00125"
ENzTDB3pXmk, 30, 40, "/m/07r660_,/m/09x0r"
EOJP1UwG4GQ, 0, 3, "/m/07r660_"
EQQCTS8ppHo, 20, 30, "/m/07r660_,/m/09x0r,/m/0ytgt"
EZ3yLXrzyow, 340, 350, "/m/07r660_,/m/09x0r"
EaieSCgqBvg, 0, 6, "/m/07r660_,/m/09x0r"
EcEkO2q6x0Y, 30, 40, "/m/07r660_,/m/09x0r"
EcJS2AE0-F4, 4, 14, "/m/07r660_,/m/09x0r"
Ej0YJGmT418, 30, 40, "/m/04rlf,/m/07r660_,/m/09x0r"
Ekj8dD6Aha4, 410, 420, "/m/07r660_,/m/09x0r,/t/dd00125"
F6LOU--rljw, 30, 40, "/m/07r660_"
FE464cMMdfA, 30, 40, "/m/01j3sz,/m/04rlf,/m/07r660_,/m/07sq110"
FGtSz2lVlfo, 30, 40, "/m/04rlf,/m/07r660_"
FPd1eq13RPg, 280, 290, "/m/07r660_,/m/0ytgt"
FWp8ulospgY, 50, 60, "/m/07r660_"
FYydBCdpXA8, 0, 10, "/m/07r660_,/m/09x0r"
F_TSXvGPdXQ, 20, 30, "/m/07r660_,/m/0ytgt"
FcFuihG0uCg, 30, 40, "/m/04rlf,/m/05fw6t,/m/07r660_"
Fi5cq7kWJXY, 70, 80, "/m/07r660_,/m/09x0r,/m/0ytgt,/t/dd00125"
FjnlSqXF2M0, 30, 40, "/m/07r660_"
FxWuiBQcMpk, 0, 10, "/m/01j3sz,/m/07r660_"
FzWvQ367WL8, 20, 30, "/m/01j3sz,/m/04rlf,/m/07r660_,/m/07sq110,/t/dd00001"
G50gPfHdkSk, 24, 34, "/m/07r660_,/m/09x0r"
G5LYWMu0qqo, 60, 70, "/m/07r660_,/m/09x0r,/m/0ytgt"
G7eRC1a87dU, 0, 10, "/m/07r660_,/m/07sq110"
GCMuzroPi4U, 80, 90, "/m/07r660_,/m/0ytgt"
GFujszwmkuA, 40, 50, "/m/07r660_,/m/07sq110,/m/09x0r"
GKXYLbh7GuU, 30, 40, "/m/01j3sz,/m/07r660_,/m/07sq110"
GRZL-r4xX9E, 30, 40, "/m/07r660_,/m/09x0r"
GVXY1_pmDVo, 70, 80, "/m/07r660_,/m/09x0r,/t/dd00126"
GVlGn7z_4Hk, 120, 130, "/m/07r660_,/m/09x0r"
GZMRDmjOq_Y, 50, 60, "/m/07r660_,/m/07sq110,/m/09x0r"
GZWWPJIEALg, 360, 370, "/m/07r660_,/m/09x0r,/t/dd00125"
GdoRtJvdVww, 30, 40, "/m/07r660_,/m/09x0r"
GfDTGfXuTb4, 0, 10, "/m/07r660_"
GkmVuqkJTvA, 30, 40, "/m/07r660_,/m/07s04w4"
GmSRrVeax5o, 40, 50, "/m/07r660_,/m/0ytgt"
Gne7mAqHkdw, 30, 40, "/m/04rlf,/m/07r660_,/m/09x0r"
H-25x00LG98, 22, 32, "/m/04rlf,/m/07r660_,/m/09x0r"
H3ENbrE9YGw, 28, 38, "/m/04rlf,/m/07r660_"
H8Yd_I6x9Dw, 20, 30, "/m/04rlf,/m/07r660_,/m/09x0r,/t/dd00125"
HBnESUDFD4A, 30, 40, "/m/07r660_,/m/09x0r"
HeXYpDv8jBQ, 30, 40, "/m/07r660_,/m/09x0r"
HgFwtSSgPJE, 100, 110, "/m/07r660_,/m/09x0r"
Hj6h1QdiPFI, 220, 230, "/m/07r660_,/m/07rgt08,/m/0ytgt"
HmlPgBlfgYE, 3, 13, "/m/07r660_"
HqKRcvLveT8, 90, 100, "/m/07r660_,/m/09x0r,/t/dd00125"
I8GQb0MQRwo, 550, 560, "/m/04rlf,/m/07r660_,/m/09x0r"
I9oECgVLHOs, 0, 10, "/m/01j3sz,/m/07r660_,/t/dd00001"
IAmIh4C71nM, 40, 50, "/m/07r660_,/m/09x0r,/m/0ytgt,/t/dd00125"
IBLROnPWMQs, 8, 18, "/m/07r660_,/m/09x0r"
IFz6yYkcVQ8, 360, 370, "/m/07r660_"
IM63bTgO4xw, 2, 12, "/m/07r660_"
IN8SR-yOQv0, 30, 40, "/m/07r660_"
IRQFLRS6HXE, 30, 40, "/m/07r660_"
IVSqnrOuGjQ, 2, 12, "/m/07r660_"
IYCABBdDcGU, 20, 30, "/m/0261r1,/m/07r660_,/m/09x0r"
IZIKXWhqJmc, 30, 40, "/m/04rlf,/m/07r660_"
IbQuPsAMXtg, 100, 110, "/m/07r660_,/m/0ytgt"
IwkUTXTYuHY, 3, 13, "/m/07r660_"
IwuBwawU0wQ, 8, 18, "/m/04rlf,/m/07r660_"
J5z8KSODGns, 330, 340, "/m/01j3sz,/m/04rlf,/m/07r660_,/m/09x0r"
JEfqVDEO3-o, 30, 40, "/m/07r660_,/m/09x0r"
JPJZKQ6hUMA, 20, 30, "/m/07r660_,/m/07sq110,/m/09x0r"
JaNVr8rZ-Wc, 60, 70, "/m/07r660_,/m/0ytgt"
JcRZRUsv1NU, 180, 190, "/m/07r660_,/m/09x0r,/t/dd00125"
Jd4plPZCdL0, 90, 100, "/m/07r660_,/m/09x0r,/m/0ytgt,/t/dd00001,/t/dd00126"
Jf6mTG_QtHg, 80, 90, "/m/07r660_,/m/09x0r,/m/0ytgt,/t/dd00125"
JqTHyZeg9Wg, 12, 22, "/m/07r660_"
JqkKuZ6erqI, 30, 40, "/m/07r660_,/m/09x0r"
JspiHIcMpPs, 520, 530, "/m/07r660_,/m/0ytgt"
JuEIkNoxbN4, 20, 30, "/m/02zsn,/m/07r660_,/m/07sq110,/m/09x0r"
K3l3JRze52M, 90, 100, "/m/07r660_,/m/09x0r"
K4sqsDcUfGM, 30, 40, "/m/04rlf,/m/07r660_,/m/09x0r"
K71MtHenIYU, 20, 30, "/m/01j3sz,/m/07r660_,/m/07sq110,/m/09x0r"
KCZ8TEM-cvA, 0, 4, "/m/07r660_"
KFG_MdzFWck, 40, 50, "/m/07r660_,/m/09x0r,/t/dd00125"
KTMc9qmzTC0, 30, 40, "/m/07r660_,/m/09x0r"
KUy3kDYj590, 30, 40, "/m/04rlf,/m/07r660_,/m/09x0r"
KWpnmxGNLLc, 40, 50, "/m/01j3sz,/m/07r660_"
KY-UjqRyvsE, 150, 160, "/m/07r660_,/m/09x0r,/t/dd00125"
K_TeUp5aKME, 30, 40, "/m/01j3sz,/m/07r660_,/m/09x0r"
KbMUIEt8Nuc, 170, 180, "/m/07r660_,/m/09x0r,/t/dd00001,/t/dd00125"
KbdOEC8oa-4, 490, 500, "/m/07r660_,/m/09x0r"
KliVsEcJ1Do, 130, 140, "/m/07r660_,/m/07sq110,/m/09x0r,/t/dd00001,/t/dd00125"
Kuv2LrLpD1E, 230, 240, "/m/01j3sz,/m/07r660_"
Ky1kCT3jclk, 180, 190, "/m/07r660_,/m/09x0r,/m/0ytgt,/t/dd00125"
LDz50tam4vg, 490, 500, "/m/0261r1,/m/07r660_,/m/0ytgt"
LNZS0Ge-izE, 0, 10, "/m/01j3sz,/m/07r660_,/m/09x0r"
LP_OqFGPY8k, 10, 20, "/m/05zppz,/m/07r660_,/m/09x0r"
LTpImETgbGY, 10, 20, "/m/04rlf,/m/07r660_,/m/09x0r,/t/dd00001"
LXJKmD2WsKA, 90, 100, "/m/07r660_,/m/09x0r"
LmcF42o3ikc, 30, 40, "/m/03q5_w,/m/07r660_"
LoZZG5O4VOQ, 50, 60, "/m/01j3sz,/m/07r660_,/t/dd00125"
LtWtdOH2Dic, 290, 300, "/m/07r660_,/m/0ytgt"
M4BUyOvTUqI, 29, 39, "/m/07r660_,/m/09x0r"
MCZSCsFwNMw, 30, 40, "/m/0261r1,/m/07r660_"
MDW77VTQilw, 250, 260, "/m/07r660_,/m/09x0r,/t/dd00126"
MG3g4sfSxXo, 0, 10, "/m/07r660_"
MRlrrvoasV4, 30, 40, "/m/07r660_,/m/09x0r,/m/0ytgt"
MUt7l5A9V9I, 30, 40, "/m/07r660_,/m/09x0r"
MVrdEa0sZRg, 0, 10, "/m/07r660_,/m/09x0r"
MaH8DmOCbkw, 0, 10, "/m/07r660_,/m/09x0r,/t/dd00125"
Mc_gXYewKAg, 0, 10, "/m/07r660_,/m/09x0r"
MfPDqRCglbc, 40, 50, "/m/07r660_,/m/09x0r"
MhO6JPypkcQ, 210, 220, "/m/07r660_,/m/09x0r,/t/dd00126"
MiqUMA0q7rQ, 10, 20, "/m/07r660_,/m/07sq110"
MjVeChuw2uY, 40, 50, "/m/01j3sz,/m/07r660_"
MzGp9Hfbhlk, 30, 40, "/m/01j3sz,/m/04rlf,/m/05r5wn,/m/07qn4z3,/m/07r660_,/m/07sq110,/t/dd00001"
N1EZPgsLNow, 40, 50, "/m/01j3sz,/m/07r660_,/m/07sq110,/m/09x0r"
N2CVigrCQM0, 270, 280, "/m/07r660_,/m/09x0r,/t/dd00126"
N4KBT9KpC4g, 90, 100, "/m/07r660_,/m/09x0r,/m/0ytgt"
NFDfrCw7oF8, 30, 40, "/m/07r660_,/m/09x0r"
NFtFzwAxnpM, 0, 10, "/m/07r660_,/m/09x0r,/m/0ytgt,/t/dd00001,/t/dd00125"
NLRjSnTvAPg, 100, 110, "/m/07r660_,/m/09x0r"
NP3oYOP-844, 50, 60, "/m/07r660_,/m/09b5t,/m/09x0r"
NULglzkuJD0, 30, 40, "/m/04rlf,/m/07r660_,/m/09x0r"
Nmnew-SxHwM, 6, 16, "/m/04rlf,/m/07r660_,/m/09x0r"
NoWflaqdvTM, 30, 40, "/m/02_nn,/m/07r660_"
NstiL8WTLxs, 330, 340, "/m/0261r1,/m/07r660_,/m/09x0r,/t/dd00125"
NuEAZnPCVYQ, 60, 70, "/m/07r660_"
O8ksFB6MQGE, 200, 210, "/m/07r660_,/m/09x0r,/t/dd00125"
O9QEgAO_BwY, 20, 30, "/m/0463cq4,/m/05zppz,/m/07r660_,/m/09x0r"
OJqjgRophjs, 30, 40, "/m/07r660_,/m/09x0r"
OQ03THOKihY, 30, 40, "/m/07r660_,/m/09x0r"
OS5HxVYDd3g, 200, 210, "/m/03q5_w,/m/07r660_,/m/09x0r,/m/0ytgt"
OangIhqBT4k, 0, 10, "/m/07r660_,/m/07yv9,/m/09x0r,/t/dd00128"
Og4kQIs0u3g, 30, 40, "/m/01j3sz,/m/07r660_,/m/07sq110,/m/09x0r,/t/dd00125"
OhgHggnmTAg, 40, 50, "/m/02zsn,/m/07r660_,/m/0ytgt"
Ol4HwuieN_E, 200, 210, "/m/07r660_,/m/07sq110,/m/09x0r"
Or2ayKTWl-4, 320, 330, "/m/04rlf,/m/07r660_,/m/09x0r"
OuwM5yQq_5k, 5, 15, "/m/07r660_"
Oy6P88XIOvs, 4, 14, "/m/07r660_,/m/09x0r"
P7Vfzyf1XFA, 30, 40, "/m/01j3sz,/m/07r660_"
P874GhIephg, 5, 15, "/m/07r660_"
P8swocrwnnw, 30, 40, "/m/04rlf,/m/07r660_,/m/09x0r"
PF4s1wzSx4M, 30, 40, "/m/07r660_"
PNFWc23NCzM, 1, 11, "/m/07r660_,/m/0ytgt"
PUNjDr7-BB0, 10, 20, "/m/07r660_,/m/07sq110,/m/09x0r,/m/0ytgt"
PYHAaUUXS5E, 80, 90, "/m/07r660_,/m/09x0r"
PZauOajU-Wg, 160, 170, "/m/04rlf,/m/07r660_"
PeyzAHupuck, 50, 60, "/m/07r660_"
PmLgQx4BBVQ, 30, 40, "/m/07r660_,/m/09x0r"
Po1POk_M85w, 30, 40, "/m/015p6,/m/0463cq4,/m/068hy,/m/07r660_"
PrpyteXgpdY, 260, 270, "/m/01j3sz,/m/07r660_,/m/09x0r"
Przvi5ol9nk, 400, 410, "/m/07r660_,/m/09x0r,/m/0ytgt,/t/dd00125"
QCP0qLOICec, 50, 60, "/m/07r660_,/m/07sq110,/m/09x0r,/t/dd00001,/t/dd00125"
QDNPVWq8rYI, 30, 40, "/m/07r660_,/m/09x0r"
QHwqJC8GVIM, 30, 40, "/m/07r660_,/m/09x0r"
QIqkhuUg37M, 20, 30, "/m/07r660_,/m/09x0r"
QLhuGU7-lUQ, 22, 32, "/m/04rlf,/m/07r660_,/m/09x0r"
QOzmTnrGiR0, 40, 50, "/m/01j3sz,/m/07r660_,/m/07sq110,/m/09x0r"
QSQtsjmhERk, 11, 21, "/m/07r660_"
QTndBsRtfQM, 200, 210, "/m/07r660_,/m/09x0r,/t/dd00125"
QZr35c_NUWU, 0, 7, "/m/07r660_,/m/09x0r"
QaxYHh8-oRU, 7, 17, "/m/04rlf,/m/07r660_,/m/09x0r"
Qd-TlOrg4tc, 0, 10, "/m/07r660_,/t/dd00125"
QoVvGvHxVf0, 19, 29, "/m/04rlf,/m/07r660_,/m/09x0r"
Qon10uDF0WA, 40, 50, "/m/04rlf,/m/07r660_,/m/09x0r,/t/dd00001"
QvUVNT7Vqd8, 450, 460, "/m/07r660_,/m/07rgt08"
Qz4rSNkdi6Q, 20, 30, "/m/07r660_,/m/09x0r,/m/0ytgt,/t/dd00125"
R1wPOztkEIY, 17, 27, "/m/07r660_,/m/09x0r"
R8_X7Gxu0RU, 50, 60, "/m/07r660_,/m/09x0r"
RCXH3k645Z8, 110, 120, "/m/0261r1,/m/07r660_,/m/09x0r,/t/dd00125"
RDAnjeHmW5o, 30, 40, "/m/07r660_,/m/09x0r,/m/0ytgt,/t/dd00125"
RRFoxuY8e-M, 20, 30, "/m/07r660_,/m/09x0r,/t/dd00125"
Rcjri-cwuhU, 60, 70, "/m/07r660_,/m/09x0r,/m/0ytgt"
Rg78RYPVDHA, 170, 180, "/m/04rlf,/m/07r660_,/m/07sq110,/m/09x0r,/t/dd00125"
RgQ9L8CJDzg, 60, 70, "/m/04rlf,/m/07r660_"
RjFooZpNTGU, 210, 220, "/m/07r660_,/m/09x0r,/t/dd00126"
Rjjz-DEvSc0, 10, 20, "/m/07r660_,/m/09x0r"
Rl8gLsg7d_0, 30, 40, "/m/01j3sz,/m/0261r1,/m/07r660_,/m/07rgt08,/m/09x0r,/m/0ytgt"
RlNM3CpJFG0, 20, 30, "/m/07r660_,/m/09x0r"
RqROaxVuk_Q, 16, 26, "/m/04rlf,/m/07r660_,/m/09x0r"
RvJz5LtLLrg, 30, 40, "/m/07r660_,/m/09x0r"
S0-lHXS8gYA, 30, 40, "/m/07r660_,/m/09x0r"
S8Mq4OGDx8w, 10, 20, "/m/04rlf,/m/07r660_,/m/07sq110,/m/09x0r,/m/0ytgt"
S9Dml-ioESk, 50, 60, "/m/0463cq4,/m/07r660_,/m/09x0r,/t/dd00002,/t/dd00125"
SGMNgTX92Zs, 23, 33, "/m/04rlf,/m/07r660_,/m/09x0r"
SLgJTFya3yE, 60, 70, "/m/07r660_,/m/09x0r,/m/0lyf6"
SRsJ2eGlHpI, 210, 220, "/m/07r660_,/m/09x0r,/t/dd00125,/t/dd00128"
Sevpt7V3RiI, 30, 40, "/m/07r660_"
Sl4_daOoarI, 520, 530, "/m/07r660_,/m/0ytgt"
SufzWVHK694, 30, 40, "/m/04rlf,/m/07r660_"
SvH-eXy4ScI, 70, 80, "/m/01j3sz,/m/07r660_,/m/09x0r"
SvkPqsOwfDg, 0, 10, "/m/01hsr_,/m/07r660_,/m/09x0r"
SwqvUsOkWXY, 10, 20, "/m/03q5_w,/m/07r660_"
Szbb3g7r13Y, 0, 5, "/m/07r660_"
T90GxRy575A, 180, 190, "/m/04rlf,/m/07r660_,/m/09x0r,/t/dd00001,/t/dd00128"
TJ0ckiby05s, 10, 20, "/m/01j3sz,/m/07r660_,/m/09x0r,/m/0ytgt"
TJUUXvxEWBE, 40, 50, "/m/07r660_,/m/09x0r"
TXBoMFMLnGI, 130, 140, "/m/07r660_,/m/09x0r"
TcIHYgSU74w, 17, 27, "/m/07r660_,/m/09x0r"
TibcKCZEDGQ, 230, 240, "/m/01j3sz,/m/07r660_,/m/09x0r,/t/dd00126"
Tmm0Sqljm6o, 100, 110, "/m/04rlf,/m/07r660_,/m/09x0r"
Ts-Y1-FHnUo, 30, 40, "/m/07r660_,/m/09x0r"
TvCDjUA133U, 0, 10, "/m/07r660_,/m/09x0r"
U-1gCMUu0j0, 30, 40, "/m/01j3sz,/m/07r660_"
U3XEfn0QIqw, 300, 310, "/m/07r660_,/m/09x0r,/m/0ytgt,/t/dd00125"
UC6WDxcuDos, 30, 40, "/m/07r660_,/m/09x0r"
UHbSvHBVnrs, 10, 20, "/m/07r660_,/m/09x0r"
UOHLvy5xlp8, 10, 20, "/m/07r660_,/m/09x0r,/m/0ytgt"
UOJFL-fXvEM, 10, 20, "/m/04rlf,/m/07r660_,/t/dd00001"
UOzmaXP3MpI, 540, 550, "/m/07r660_,/m/09x0r,/t/dd00125"
UW7ioxBkBvc, 410, 420, "/m/07r660_"
U_2n3ffJXLw, 60, 70, "/m/07r660_,/m/07sq110,/m/09x0r"
Ul3IkDElJuo, 30, 40, "/m/07r660_"
UmN_EbHjZY4, 0, 10, "/m/07r660_,/m/09x0r"
UorGcyXeQ8Y, 20, 30, "/m/01j3sz,/m/07r660_"
UqhUrL7B89o, 4, 14, "/m/07r660_"
UrVKJZH8pYE, 30, 40, "/m/07r660_"
Ut-5z7GmX0Q, 20, 30, "/m/07r660_,/m/09x0r"
UuRWjvjPkkc, 30, 40, "/m/07r660_"
Uugh5qHpPZA, 420, 430, "/m/07r660_,/m/09x0r"
Uv2KoFJo4E0, 50, 60, "/m/03fwl,/m/068hy,/m/07bgp,/m/07q0h5t,/m/07r660_,/m/09x0r,/m/0jbk"
UvU4r3OEDKg, 280, 290, "/m/07r660_,/m/09x0r,/t/dd00125"
Uw1xEMdofRQ, 120, 130, "/m/07r660_,/m/09x0r,/m/0ytgt"
V5EO_u92VJI, 40, 50, "/m/0261r1,/m/07r660_,/m/09x0r"
V6uab7JEVKg, 30, 40, "/m/07r660_,/m/09x0r"
VCZy_eUnpwo, 0, 10, "/m/03qc9zr,/m/07r660_,/m/09x0r,/t/dd00125"
VHBWv3UAjPM, 30, 40, "/m/07r660_"
VLd_kBFHh_Q, 70, 80, "/m/07r660_"
VPHef9A6ccs, 26, 36, "/m/04rlf,/m/07r660_,/m/09x0r"
VW3Zm_yHEVo, 510, 520, "/m/07r660_,/m/09x0r,/m/0ytgt"
VXV-eNNRjQA, 13, 23, "/m/07r660_"
VYk__Ygv5ac, 120, 130, "/m/01j3sz,/m/07r660_,/m/07sq110"
VZn3pI9U9Aw, 30, 40, "/m/07r660_,/m/09x0r"
Va0lA1-b8I8, 0, 10, "/m/07r660_,/m/09x0r"
VdHEF3YUCYA, 90, 100, "/m/07r660_,/m/09x0r,/t/dd00125"
VfS3xfH4GT0, 30, 40, "/m/07r660_,/m/09x0r"
Vg9jo2VShXs, 280, 290, "/m/04rlf,/m/07r660_,/m/09x0r,/m/0ytgt,/t/dd00125"
VkIHdw8Jrnk, 0, 10, "/m/07r660_,/m/09x0r,/t/dd00125"
VtjZEequuC0, 10, 20, "/m/01j3sz,/m/07r660_,/m/09x0r"
W05jgiZpIGY, 170, 180, "/m/07r660_,/m/09x0r"
W1vgncRVoQI, 500, 510, "/m/07r660_"
W2pjqvjnTiI, 0, 10, "/m/01j3sz,/m/07r660_,/m/09x0r"
W3BvCN7dpgU, 110, 120, "/m/07r660_,/t/dd00125"
WAPdi-0LcBg, 12, 22, "/m/07r660_,/m/09x0r"
WOkeEhV_I28, 30, 40, "/m/07r660_"
WTp_wy34GGc, 540, 550, "/m/07r660_,/m/09x0r,/t/dd00129"
WUbDx02U2qw, 220, 230, "/m/0463cq4,/m/07r660_,/m/09x0r,/t/dd00002,/t/dd00125"
WVKwdXOTnTE, 0, 9, "/m/07r660_,/m/09x0r"
WXhWchHBJZk, 130, 140, "/m/07r660_,/m/09x0r"
WXq3kj6Av-A, 580, 590, "/m/07r660_,/m/07rgt08"
WYFjdIOn7Ys, 0, 10, "/m/02_nn,/m/07r660_,/m/09x0r"
Wc2gvHU_pCw, 30, 40, "/m/07r660_,/m/09x0r"
Wh8PGAO-TWg, 50, 60, "/m/068hy,/m/07r660_,/m/07sq110,/m/0bt9lr,/m/0jbk"
WhwE1jpi-zw, 0, 8, "/m/07r660_,/m/09x0r,/m/0ytgt,/t/dd00125"
Wn7P3-4Fwfw, 100, 110, "/m/01j3sz,/m/07r660_,/m/09x0r"
Wq4OD3olO2w, 90, 100, "/m/07r660_,/m/09x0r,/m/0ytgt,/t/dd00125"
WspUYlpeLcM, 40, 50, "/m/0463cq4,/m/07r660_,/m/09x0r,/t/dd00002"
Wy4pGheJyYM, 400, 410, "/m/07r660_,/t/dd00001"
X1QYubKROUA, 10, 20, "/m/07r660_"
X2FZXseeTyc, 120, 130, "/m/07r660_,/m/09x0r"
X2iMYxvkEVw, 240, 250, "/m/07r660_,/m/09x0r,/t/dd00125"
XFyEl1F9udY, 70, 80, "/m/03qc9zr,/m/04rlf,/m/07r660_,/m/09x0r"
XNrQEMNjJuQ, 430, 440, "/m/03dnzn,/m/07r660_,/m/09x0r,/m/0ytgt"
XQnAOP4OBIM, 70, 80, "/m/07r660_,/m/09x0r,/t/dd00125"
XVn-FoKgIZg, 370, 380, "/m/07r660_,/m/09x0r,/t/dd00125"
XZrSDa_YkGU, 140, 150, "/m/01hsr_,/m/07r660_,/m/09x0r"
X_fZJW-e_wY, 510, 520, "/m/07r660_,/m/09x0r,/m/0ytgt"
XfYs2pF5W9M, 50, 60, "/m/01j3sz,/m/07r660_,/t/dd00001"
XjiXOid8V3I, 20, 30, "/m/04rlf,/m/07r660_,/m/09x0r"
XkvdkCTPU08, 70, 80, "/m/07r660_"
XmUFlLitSTk, 30, 40, "/m/07r660_"
Xoh6VHPt5Mc, 70, 80, "/m/07r660_,/m/09x0r"
XpS2I8U6BIw, 10, 20, "/m/07r660_,/m/09x0r"
XurAjfn8dEk, 0, 8, "/m/07r660_"
XwVyrwuiuIs, 30, 40, "/m/07r660_,/m/09x0r"
Y5-Eg6bp7pg, 21, 31, "/m/07r660_"
Y7VSHA31G6U, 450, 460, "/m/07r660_,/m/09x0r,/t/dd00125"
YC4qwdoOM60, 230, 240, "/m/07r660_,/m/09x0r,/t/dd00125"
YFZoZ8qi7Co, 30, 40, "/m/07r660_,/m/09x0r"
YLcl1glCJMc, 80, 90, "/m/01j3sz,/m/07r660_,/m/09x0r"
YQapSQkx2rI, 80, 90, "/m/07r660_,/m/09x0r,/m/0ytgt"
YR_0CHeFMf0, 30, 40, "/m/07r660_"
YSksGZfqF6g, 20, 30, "/m/01j3sz,/m/07r660_,/t/dd00001"
YUxFON5XyYs, 18, 28, "/m/07r660_,/m/09x0r"
Y_0qiMCquHw, 40, 50, "/m/07r660_,/m/09x0r,/t/dd00125"
YiuNry_XVIc, 50, 60, "/m/07r660_,/t/dd00005"
YlUD43I9GwA, 40, 50, "/m/07r660_,/m/09x0r"
Yn8B6xgy1gs, 30, 40, "/m/07r660_,/m/09x0r,/t/dd00128"
Yot3JAqpUEc, 60, 70, "/m/07r660_,/m/09x0r"
YrC1_AeUOB8, 6, 16, "/m/07r660_,/m/09x0r"
Yrymy1pb6sM, 30, 40, "/m/07r660_,/m/09x0r"
Z-qQvkcxsjQ, 310, 320, "/m/07r660_,/m/09x0r"
Z5rJu4RYhao, 450, 460, "/m/07r660_,/m/09x0r,/m/0ytgt,/t/dd00125"
ZEs3D8WeIRI, 10, 20, "/m/068hy,/m/07r660_,/m/09x0r,/m/0bt9lr,/m/0jbk"
ZLuu9Jo8Qxs, 320, 330, "/m/04rlf,/m/07r660_,/m/07sq110"
ZO9R7tBMg9Q, 10, 20, "/m/07r660_"
Zm0eFVo1c00, 30, 40, "/m/04rlf,/m/07r660_,/m/09x0r"
ZoFZ1SEqVY0, 0, 3, "/m/07r660_,/m/0ytgt"
Zs30Q2YrSxs, 6, 16, "/m/04rlf,/m/07r660_,/m/09x0r"
ZtVkfpEFRyg, 10, 20, "/m/01j3sz,/m/07r660_,/m/07sq110,/m/09x0r"
Zvc2y2Vj58s, 0, 7, "/m/07r660_,/m/09x0r,/m/0ytgt"
ZyfLFilvQy8, 260, 270, "/m/0463cq4,/m/04rlf,/m/07r660_,/t/dd00126"
_ARAu9aVTvA, 22, 32, "/m/04rlf,/m/07r660_"
_D8lLtYxrbs, 0, 10, "/m/01hsr_,/m/07r660_,/m/09x0r"
_NeHhqNMxPY, 30, 40, "/m/04rlf,/m/07r660_"
_OWFcVSV5EY, 220, 230, "/m/07r660_,/m/09x0r,/m/0ytgt,/t/dd00125"
_V8Z79_n9qE, 60, 70, "/m/07r660_,/m/09x0r"
_nZXqGq2sY0, 20, 30, "/m/07r660_,/t/dd00125"
_u1UqkHfS6o, 0, 10, "/m/01j3sz,/m/07r660_"
_xKf7uhuHIg, 0, 10, "/m/04rlf,/m/07r660_,/m/09x0r,/m/0ytgt,/t/dd00125"
_xwkj43DEgw, 60, 70, "/m/07r660_,/m/09x0r"
_z4SrRR4_-0, 100, 110, "/m/04rlf,/m/07r660_"
a-0s8eFQXBY, 30, 40, "/m/07r660_"
a4FwBJEqohE, 150, 160, "/m/07r660_,/m/09x0r"
a8UwThojZiI, 280, 290, "/m/015lz1,/m/04rlf,/m/07r660_,/m/09x0r"
aD_GLw7DTNU, 480, 490, "/m/07r660_,/m/09x0r"
aKDT-wssBNQ, 280, 290, "/m/07r660_,/m/09x0r,/t/dd00126"
aKJ4IVb-gpM, 11, 21, "/m/07r660_"
aMugvQbVcRg, 10, 20, "/m/07r660_,/m/07sq110"
aRyb-1qL8a4, 80, 90, "/m/07r660_,/m/09x0r"
aWFPdroghvY, 6, 16, "/m/07r660_,/m/09x0r"
aWbWDcKA-Es, 0, 3, "/m/07r660_"
adI9aIzvH24, 80, 90, "/m/0463cq4,/m/07r660_,/m/09x0r"
adkBkuyH0wE, 40, 50, "/m/07r660_,/m/07sq110"
ahPXwIpuj2w, 30, 40, "/m/04rlf,/m/07r660_"
aih4i8T6Cs0, 0, 10, "/m/04rlf,/m/07r660_,/m/09x0r,/m/0ytgt"
ambOXjiP21M, 10, 20, "/m/07r660_,/m/09x0r"
apAAyBEcDng, 0, 10, "/m/07r660_,/m/09x0r"
apWSklXSUCQ, 0, 3, "/m/07r660_"
asit7Owk-3g, 460, 470, "/m/07r660_,/m/09x0r"
ax6LijbFKyE, 50, 60, "/m/01j3sz,/m/01w250,/m/07r660_,/m/07sq110,/m/09x0r,/t/dd00001"
b1PXsfgQw5w, 0, 10, "/m/01j3sz,/m/07r660_,/m/09x0r"
b1_oMO1CW1A, 0, 2, "/m/02zsn,/m/07r660_"
bYEJF500cr8, 460, 470, "/m/07r660_,/m/09x0r"
bYXO7A1C8Ng, 40, 50, "/m/07r660_,/m/09x0r"
bYmi44uO8Po, 30, 40, "/m/07r660_,/m/09x0r"
baga8PbF59o, 30, 40, "/m/04rlf,/m/07r660_,/m/09x0r"
be5CEmuwP_U, 120, 130, "/m/07r660_,/m/09x0r"
beZ-3x8j2DI, 30, 40, "/m/07r660_,/m/09x0r"
bezKPh1Te1I, 30, 40, "/m/04rlf,/m/07r660_,/m/09x0r"
brkJuQkhd0s, 70, 80, "/m/01j3sz,/m/07r660_,/m/09x0r,/t/dd00001"
bsXUxssFVqw, 10, 20, "/m/07r660_,/t/dd00125"
c0OjlnuNghg, 10, 20, "/m/04rlf,/m/07r660_"
cCZZIJfirQo, 10, 20, "/m/07r660_,/m/09x0r,/m/0ytgt,/t/dd00125"
cELBYQbnfs8, 60, 70, "/m/07r660_,/m/07sq110,/m/09x0r,/t/dd00125"
cFCqQu_tH4A, 140, 150, "/m/07r660_,/m/09x0r"
cH5Bl1edUOI, 0, 10, "/m/01j3sz,/m/07r660_"
cUFtzs-jQMg, 50, 60, "/m/07r660_"
cYECXplgRi4, 10, 20, "/m/01j3sz,/m/07r660_,/m/07sq110,/t/dd00126"
cbK2w6zJaFY, 8, 18, "/m/07r660_"
ce2MhfilYCY, 70, 80, "/m/01j3sz,/m/07r660_,/m/09x0r"
ciF042MLvz0, 20, 30, "/m/0261r1,/m/07r660_,/m/07rgt08,/m/07sq110"
cosEj22yneg, 14, 24, "/m/07r660_"
ct-OZtWP5lk, 0, 10, "/m/01j3sz,/m/07r660_,/m/09x0r,/t/dd00125"
ctHmQ16rCX0, 60, 70, "/m/07r660_,/m/0ytgt"
d0RYJAwQopY, 60, 70, "/m/01j3sz,/m/07r660_,/m/07sq110"
dAmoQqKa5z4, 30, 40, "/m/04rlf,/m/07r660_,/m/09x0r"
dESbK9udd08, 100, 110, "/m/07r660_,/m/07sq110,/m/09x0r,/t/dd00125"
dFCsA48wHMc, 10, 20, "/m/07r660_,/m/0ytgt"
dVFvvkVCBC8, 10, 20, "/m/01j3sz,/m/07r660_,/m/07sq110,/t/dd00001,/t/dd00126"
dXr3pX_2Scg, 20, 30, "/m/03q5_w,/m/07r660_,/m/09x0r"
dhUZ5u-zeoM, 10, 20, "/m/01j3sz,/m/07r660_,/m/07rgt08,/m/07sq110,/m/09x0r,/t/dd00126"
dk4SZqLPZJ0, 0, 10, "/m/07r660_,/m/09x0r"
dlD7Dk3kSH4, 300, 310, "/m/07r660_,/m/09x0r,/m/0ytgt,/t/dd00125"
dlqUCYb9Bmk, 28, 38, "/m/07r660_,/m/09x0r"
dqPWBSudLp4, 40, 50, "/m/07r660_,/m/0jbk"
dx00HOfdfW8, 0, 10, "/m/07r660_,/m/09x0r,/t/dd00125"
dxvIJya6Ohs, 40, 50, "/m/07r660_,/m/09x0r,/m/0ytgt"
eFqlz_f0fZo, 60, 70, "/m/07r660_"
eKBAOFnu07c, 10, 20, "/m/07r660_,/m/09x0r"
eLORtEEXw4s, 80, 90, "/m/02_nn,/m/07r660_"
eMAhwoJaqp0, 30, 40, "/m/07r660_"
eTnX21rT7Dw, 310, 320, "/m/07r660_,/m/09x0r,/m/0ytgt,/t/dd00125"
eWa4uy0l2AM, 470, 480, "/m/04rlf,/m/07r660_,/m/09x0r,/t/dd00126"
eewcPSj0RT0, 260, 270, "/m/07r660_,/m/09x0r,/t/dd00001"
eokYZRv7YsU, 480, 490, "/m/07r660_,/m/09x0r,/t/dd00125"
eyyxjZybDw8, 10, 20, "/m/02cz_7,/m/07r660_"
ezK9k18Q3og, 20, 30, "/m/07r660_,/m/07rgt08,/m/07s04w4,/m/0ytgt"
fCOyMRy80Kg, 14, 24, "/m/07r660_,/m/09x0r"
fEY4QOAqhYU, 490, 500, "/m/07r660_,/m/0ytgt"
fHyQTQl_5Sc, 40, 50, "/m/04rlf,/m/07r660_,/m/09x0r"
fJJxRhFD448, 30, 40, "/m/07r660_,/m/09x0r"
fKI5uFWlnd8, 30, 40, "/m/0463cq4,/m/07r660_,/m/09x0r,/m/0ytgt,/t/dd00002"
fOKsCbXz2cI, 60, 70, "/m/07r660_,/m/09x0r,/m/0ytgt,/t/dd00125"
fRDSMR0gBdU, 6, 16, "/m/07r660_,/m/09x0r"
fVUQvlX2_Ig, 0, 2, "/m/07r660_"
ffRSeubjW-E, 50, 60, "/m/01b_21,/m/01j3sz,/m/07r660_"
fhDrZf9QZOk, 180, 190, "/m/07r660_,/m/07rgt08"
fjNZ9mgNVmg, 40, 50, "/m/0261r1,/m/07r660_"
fjtwFQFMDuQ, 80, 90, "/m/07r660_,/m/0838f"
fkSIzZZZ9vg, 10, 20, "/m/068hy,/m/07r660_,/m/09x0r,/m/0bt9lr,/m/0jbk,/t/dd00128"
frp-sTRUsts, 30, 40, "/m/07r660_"
ftb-bDh8BEw, 400, 410, "/m/07r660_,/m/09x0r"
fuBtfFgI6aU, 80, 90, "/m/07r660_"
fvg6SM8hnwM, 30, 40, "/m/07r660_"
fyBMp5sTxg0, 190, 200, "/m/07r660_,/m/09x0r"
gBwpkAegHOM, 130, 140, "/m/07r660_,/m/09x0r"
gKhgcMOTC08, 20, 30, "/m/07r660_,/m/07sq110,/m/09x0r"
gOBN9_tsyOo, 120, 130, "/m/07r660_"
g_PCllXKl74, 10, 20, "/m/01j3sz,/m/07r660_,/m/09x0r"
ggtCRHvvK4w, 1, 11, "/m/07r660_"
gjyd939Q7oA, 40, 50, "/m/07r660_,/t/dd00125"
go0f8eh4X4M, 110, 120, "/m/07r660_,/m/09x0r,/m/0ytgt,/t/dd00001,/t/dd00126"
gsJiRf1LI7s, 70, 80, "/m/07r660_,/m/09x0r"
h1cLMTETBzI, 90, 100, "/m/04rlf,/m/07r660_,/m/09x0r,/t/dd00125"
h4c4r3cYjGM, 110, 120, "/m/07r660_,/m/09x0r,/m/0ytgt"
h4uREfeS5y8, 30, 40, "/m/04rlf,/m/07r660_"
h9NlmKlh8co, 30, 40, "/m/01j3sz,/m/04rlf,/m/07r660_"
hBsNc8TxxkA, 30, 40, "/m/01j3sz,/m/07r660_,/m/07sq110,/m/09x0r"
hJ5Zo8Lvkz4, 340, 350, "/m/07r660_,/m/09x0r,/t/dd00001"
h_jGZ4GbeLk, 6, 16, "/m/04rlf,/m/07r660_,/m/09x0r"
hc0yQLE9j2g, 0, 10, "/m/0199g,/m/07r660_,/m/09x0r"
hf3nE_MbOCY, 0, 8, "/m/07r660_,/m/09x0r"
hhsP0mP5u6M, 20, 30, "/m/07r660_,/m/09x0r"
hi_a7X4ghbk, 60, 70, "/m/07r660_,/m/09x0r"
hl-eKtSs-00, 180, 190, "/m/07r660_"
hmQ6KbNcHWA, 260, 270, "/m/04rlf,/m/07r660_,/m/09x0r"
ho-PJ23b_9I, 450, 460, "/m/01j3sz,/m/07r660_,/m/09x0r"
htZfRPviSgQ, 10, 20, "/m/01j3sz,/m/03fwl,/m/07r660_,/m/09x0r,/m/0ytgt"
i934p-8KbCk, 0, 10, "/m/03q5_w,/m/07r660_"
iDQxqCS_vq0, 40, 50, "/m/07r660_,/m/09x0r"
iJJtoxsLJIs, 130, 140, "/m/07r660_,/m/09x0r"
iKFFkD5KTGs, 210, 220, "/m/07r660_,/m/09x0r,/t/dd00126,/t/dd00128"
iKjvM50JwpA, 290, 300, "/m/07r660_"
iOEGQXDucL8, 21, 31, "/m/07r660_,/m/09x0r"
iTBXeLXZXBo, 100, 110, "/m/068hy,/m/07r660_,/m/09x0r,/m/0bt9lr,/m/0jbk"
iUI3Xv-jFqA, 30, 40, "/m/04rlf,/m/07r660_"
iW6-fNshEGE, 0, 10, "/m/01j3sz,/m/07r660_,/m/09x0r"
iWAU0L49q-o, 150, 160, "/m/07r660_,/m/09x0r,/t/dd00125"
iZIeb-zPR_A, 390, 400, "/m/07r660_,/m/09x0r,/t/dd00125"
iZxe1ItPKS8, 190, 200, "/m/04rlf,/m/07r660_,/m/09x0r,/t/dd00125"
i_7Hz_BSqzs, 180, 190, "/m/07r660_,/m/09x0r,/m/0ytgt,/t/dd00125"
ieo9HFddvqU, 180, 190, "/m/07r660_,/m/09x0r"
ijDezARz-U0, 40, 50, "/m/07r660_,/m/09x0r"
ir9AIFlQMKo, 0, 10, "/m/01j3sz,/m/07r660_"
iyKN0sU84_g, 30, 40, "/m/07r660_,/m/09x0r"
j-b8OmWTOkQ, 220, 230, "/m/07r660_,/m/07sq110,/m/09x0r"
j5-woh6yUAs, 480, 490, "/m/07r660_,/m/09x0r"
jDJpJW6gFeo, 100, 110, "/m/07r660_,/m/07sq110,/m/09x0r,/m/0ytgt"
jFas3V4gVmM, 30, 40, "/m/07r660_,/m/09x0r"
jIFutmGdaZQ, 520, 530, "/m/07r660_,/m/09x0r,/m/0ytgt"
jQoBLYiTfGw, 50, 60, "/m/07r660_,/m/09x0r"
jeqdsf_oIsk, 30, 40, "/m/07r660_"
jl1qQTODyzE, 90, 100, "/m/07r660_,/m/07sq110,/m/09x0r,/m/0ytgt"
jlX_dRwsniY, 10, 20, "/m/07r660_,/m/09x0r"
jlo5aKQH-vg, 540, 550, "/m/07r660_,/m/0ytgt"
jpoGVZ-RZbc, 30, 40, "/m/07r660_,/m/09x0r"
k6EMP29UnVE, 30, 40, "/m/07r660_,/m/09x0r"
k9js5Xwh7Go, 190, 200, "/m/07r660_,/t/dd00125"
kALzwRjSJg4, 40, 50, "/m/07r660_,/m/09x0r,/m/0ytgt,/t/dd00125"
kH_LCV4cX1U, 14, 24, "/m/07r660_"
kIvCTNBu0bY, 0, 10, "/m/07r660_,/m/09x0r,/t/dd00125"
kK36Of1FJSM, 30, 40, "/m/01j3sz,/m/07r660_,/m/09x0r,/t/dd00001,/t/dd00125"
kN06AK8F69U, 70, 80, "/m/07r660_,/m/09x0r"
kTss732f4Go, 30, 40, "/m/01j3sz,/m/07r660_,/m/07sq110,/m/09x0r"
kVcfm_Vz2zk, 30, 40, "/m/07r660_,/m/09x0r"
kWOmDVQupig, 250, 260, "/m/07r660_,/m/09x0r"
kXkZeZo1tkg, 40, 50, "/m/04rlf,/m/07r660_,/m/09x0r,/t/dd00001"
kc_EQ3mPiG0, 10, 20, "/m/01hsr_,/m/07r660_,/m/09x0r"
kdA_Rw2zZ88, 20, 30, "/m/07r660_,/m/09x0r,/m/0ytgt,/t/dd00125"
kpqdiOO8_EE, 270, 280, "/m/07r660_,/m/09x0r,/t/dd00125"
l0MFv5LY_nE, 60, 70, "/m/07r660_,/m/09x0r,/t/dd00125"
l5U4Finmybo, 30, 40, "/m/07r660_,/m/09x0r"
l6mMvmOHCJE, 450, 460, "/m/07r660_,/m/09x0r,/t/dd00125"
lFAMzsIXTqc, 21, 31, "/m/07r660_"
lGhZsafHtKM, 50, 60, "/m/07r660_,/m/07rgt08"
lLvDKWn2AD4, 310, 320, "/m/07r660_,/m/09x0r"
lQHK93xP5Ao, 21, 31, "/m/07r660_,/m/09x0r"
lQPxJ3M0Ves, 60, 70, "/m/0463cq4,/m/07r660_,/m/09x0r,/t/dd00002,/t/dd00125"
lTil360Kg5A, 130, 140, "/m/01j3sz,/m/02p3nc,/m/02zsn,/m/07r660_,/m/07sq110,/m/09x0r"
lb8v51RVqtc, 0, 10, "/m/01j3sz,/m/07r660_,/m/09x0r"
leKKOozCxOc, 260, 270, "/m/07r660_,/m/07sq110,/m/09x0r,/t/dd00125"
lrrzwrU3sXQ, 10, 20, "/m/03dnzn,/m/07r660_,/m/09x0r"
luB4wopsyqE, 30, 40, "/m/04rlf,/m/07r660_,/m/09x0r"
m3fKgEej1lM, 30, 40, "/m/04rlf,/m/07r660_,/m/09x0r"
mRPZ84Ich-s, 30, 40, "/m/0463cq4,/m/07r660_,/m/09x0r,/m/0ytgt,/t/dd00002"
mTGxgXC-WuA, 20, 30, "/m/01j3sz,/m/07r660_,/m/09x0r,/t/dd00001"
mYAK8RZNLj8, 20, 30, "/m/07r660_,/m/09x0r,/t/dd00129"
me0UHkE__WI, 110, 120, "/m/07r660_,/m/09x0r,/m/0ytgt"
mfgN_hzVLXw, 110, 120, "/m/07r660_,/m/07rgt08"
mjwPOoEga5o, 30, 40, "/m/07r660_"
mqJaO5eonaw, 40, 50, "/m/07r660_,/m/09x0r"
mwOyvSoekxg, 30, 40, "/m/07r660_"
mxGxMt7cWNM, 40, 50, "/m/01j3sz,/m/07r660_,/m/09x0r"
myV-Lktiq28, 30, 40, "/m/07r660_,/m/09x0r"
n6bAmwR4zAE, 10, 20, "/m/07r660_,/m/09x0r,/m/0ytgt,/t/dd00125"
nG_MiPR4qbY, 30, 40, "/m/01j3sz,/m/07r660_,/t/dd00001"
nJjHPAKIDws, 30, 40, "/m/07r660_"
nLctr_Qb6yI, 20, 30, "/m/068hy,/m/07r660_,/m/09x0r,/m/0bt9lr,/m/0jbk"
nNNDXbSPkEM, 230, 240, "/m/07r660_,/m/09x0r"
nONnkOmPxHY, 13, 23, "/m/07r660_"
nbV4N2qTdeI, 30, 40, "/m/04rlf,/m/07r660_,/m/09x0r"
nboKhl1zAqY, 140, 150, "/m/0463cq4,/m/04rlf,/m/07r660_,/m/09x0r,/t/dd00002"
ngtO1pk1k2s, 230, 240, "/m/07r660_,/m/09x0r"
npzXBVENeeg, 30, 40, "/m/07r660_"
nvzkJriRlZQ, 10, 20, "/m/01j3sz,/m/07r660_,/m/09x0r,/t/dd00001"
nyIj9xjM0V0, 7, 17, "/m/04rlf,/m/07r660_"
nyUZGLhIgio, 10, 20, "/m/07r660_,/m/09x0r"
o-LT4nvygWw, 130, 140, "/m/01j3sz,/m/07r660_,/m/09x0r,/m/0ytgt"
o1oDi0IBtAg, 10, 20, "/m/01j3sz,/m/07r660_"
o4Phw55AT58, 120, 130, "/m/01j3sz,/m/07r660_"
oAozgxmLIQ0, 20, 30, "/m/01yrx,/m/068hy,/m/07r660_,/m/0jbk,/t/dd00125"
oBZhVBE2AC4, 30, 40, "/m/07r660_,/m/09x0r"
oHqI8FiTXsY, 0, 10, "/m/07r660_,/m/09x0r"
oJwnw7xZLnU, 50, 60, "/m/04rlf,/m/07r660_,/m/09x0r"
oT2E9RLpC9Y, 60, 70, "/m/01yrx,/m/068hy,/m/07r660_,/m/09x0r,/m/0jbk,/t/dd00125"
oTnPo-gaX-s, 270, 280, "/m/07r660_,/m/09x0r,/m/0ytgt,/t/dd00125"
oUG3rC1gf6c, 130, 140, "/m/03qc9zr,/m/07r660_,/m/07sq110,/m/09x0r,/t/dd00125"
oWfBvKgMv0o, 16, 26, "/m/07r660_"
oY084cKCxQY, 40, 50, "/m/0261r1,/m/07r660_"
odSoTsRIDlo, 10, 20, "/m/01j3sz,/m/07r660_,/m/09x0r"
onoNn2BQf4E, 10, 20, "/m/01j3sz,/m/07r660_,/m/09x0r"
otgt8ldetVI, 21, 31, "/m/07r660_,/m/09x0r"
ouare17_cJA, 11, 21, "/m/04rlf,/m/07r660_,/m/09x0r"
p401Z2UY5hM, 260, 270, "/m/07r660_,/m/09x0r,/t/dd00125"
p4xXdikNzGI, 30, 40, "/m/01j3sz,/m/07r660_,/m/09x0r"
p7oucErkxGY, 390, 400, "/m/07r660_,/m/07sq110,/m/09x0r"
pPu34yoUvEA, 10, 20, "/m/07r660_,/m/07sq110,/m/09x0r"
pR-ah2yxpds, 30, 40, "/m/07r660_"
p_OJb2NZV7k, 30, 40, "/m/07r660_,/m/09x0r"
pfagnqqcZuU, 30, 40, "/m/04rlf,/m/07r660_,/m/09x0r"
pkefhjE-twE, 17, 27, "/m/07r660_,/m/09x0r"
pmClzlS4aPo, 170, 180, "/m/01j3sz,/m/07r660_,/m/07rgt08,/m/09x0r"
pvlJc62jW38, 30, 40, "/m/01j3sz,/m/07r660_,/m/07s04w4"
pxeC2Dpx_Gw, 12, 22, "/m/07r660_"
q-ArbuKRlmU, 20, 30, "/m/01j3sz,/m/07r660_,/m/09x0r"
q88jgZMSMms, 200, 210, "/m/07r660_,/m/09x0r"
qMTO0QvS-UM, 30, 40, "/m/01j3sz,/m/07r660_"
qPeNdyI8xfE, 260, 270, "/m/07r660_,/m/09x0r,/t/dd00125"
qRtq46Q5XI8, 0, 10, "/m/07r660_,/m/09x0r,/t/dd00001"
qS1bVOsxYZY, 70, 80, "/m/04rlf,/m/07r660_,/m/09x0r,/t/dd00125"
qSUmHiGNtHE, 30, 40, "/m/07r660_,/m/09x0r"
qTRpSOqvsag, 30, 40, "/m/04rlf,/m/07r660_,/m/09x0r"
qTgbaIjj3iE, 230, 240, "/m/04rlf,/m/07r660_,/m/09x0r"
qVGZbss1mtE, 0, 7, "/m/07r660_,/m/09x0r"
qW1976NgcsM, 22, 32, "/m/07r660_"
qa1SyZNkdmM, 30, 40, "/m/07r660_,/m/09x0r"
qf0JnY_Vqz4, 370, 380, "/m/07r660_,/m/09x0r,/t/dd00125"
qjBH1PtNbgY, 40, 50, "/m/07r660_,/t/dd00125"
ql_3haF8wWQ, 60, 70, "/m/07r660_,/m/09x0r,/t/dd00125"
qn2lKxhh74U, 30, 40, "/m/04rlf,/m/07r660_,/m/09x0r"
qupP0gkM83Y, 30, 40, "/m/07r660_,/m/09x0r"
qyreUUsi72I, 0, 10, "/m/07r660_,/t/dd00001,/t/dd00125"
r4ll8zdKF9U, 20, 30, "/m/07r660_,/m/09x0r"
r6b6KrFFCik, 10, 20, "/m/01j3sz,/m/04rlf,/m/07r660_,/m/07rgt08,/m/09x0r"
r7yzwTB9RtY, 250, 260, "/m/07r660_,/m/07sq110,/m/09x0r,/t/dd00125"
rBidf6rQi8U, 0, 10, "/m/01j3sz,/m/07r660_,/m/09x0r,/t/dd00001,/t/dd00125"
ra_d7hYEKXQ, 340, 350, "/m/04rlf,/m/07r660_,/m/09x0r,/t/dd00001,/t/dd00125"
rcHEdHNZvls, 270, 280, "/m/0261r1,/m/07r660_,/m/09x0r"
rmQgkWmFZBY, 22, 32, "/m/07r660_,/m/09x0r"
rndDN7MLCGs, 10, 20, "/m/01j3sz,/m/05zppz,/m/07r660_,/m/09x0r,/t/dd00001"
ru3jtQTm86Y, 90, 100, "/m/07r660_,/m/09x0r,/t/dd00125"
s1MNqY9mCWY, 30, 40, "/m/07r660_,/m/07sq110,/m/09x0r,/t/dd00125"
s2dj7VADGwQ, 19, 29, "/m/07r660_"
s3d-mpST_JI, 60, 70, "/m/01j3sz,/m/07r660_,/m/07sq110,/m/09x0r"
sCfcpEmrhoM, 20, 30, "/m/07r660_,/m/09x0r"
sD6R2kwZrVE, 25, 35, "/m/07r660_"
sEGvMxNmp9c, 0, 10, "/m/01j3sz,/m/07r660_,/m/0ytgt"
sEKnPvV0Fgo, 13, 23, "/m/07r660_,/m/09x0r"
sOWVKr43qf4, 60, 70, "/m/07r660_"
sPHTvIBrX1Q, 4, 14, "/m/04rlf,/m/07r660_,/m/09x0r"
sRJg6W78b-o, 30, 40, "/m/04rlf,/m/07r660_,/m/09x0r"
sXZIefBAuCA, 10, 20, "/m/07r660_"
sYbjgY4LLHU, 30, 40, "/m/07r660_"
sZwypaPV1Bg, 70, 80, "/m/04rlf,/m/07r660_,/m/09x0r"
sdmRW5UmmNk, 50, 60, "/m/01j3sz,/m/07r660_,/m/07sq110,/t/dd00001"
sfvRRlcE8Gk, 18, 28, "/m/07r660_,/m/09x0r"
shLZd_GzUI0, 330, 340, "/m/04rlf,/m/07c52,/m/07r660_,/m/09x0r,/t/dd00125"
soFPLk-dDHw, 0, 10, "/m/07r660_,/m/09x0r,/t/dd00125"
sogaJuk00o4, 50, 60, "/m/0463cq4,/m/07r660_"
spSUlTURraY, 350, 360, "/m/04rlf,/m/07r660_,/t/dd00125"
sqihyiFS8lw, 60, 70, "/m/07r660_,/m/07sq110,/m/09x0r,/t/dd00125"
svkcURmMvU4, 30, 40, "/m/07r660_,/m/09x0r"
sxSUMItb2PA, 60, 70, "/m/07r660_,/m/09x0r"
t5nzG0rzeg0, 26, 36, "/m/07r660_"
t851cxpBM9A, 30, 40, "/m/07r660_"
t9PvyH2a8w8, 0, 8, "/m/07r660_,/m/09x0r"
tAL4gyeszWc, 390, 400, "/m/02zsn,/m/07r660_,/m/09x0r,/t/dd00125"
tDKy1zaQT6c, 80, 90, "/m/01j3sz,/m/07r660_,/m/07sq110"
tEnWMD4FZqo, 90, 100, "/m/07r660_,/m/09x0r"
tI4SqFKUfS8, 30, 40, "/m/07r660_"
tWDG6UsiG3s, 90, 100, "/m/0261r1,/m/07r660_"
tbQS_T2z85o, 80, 90, "/m/01j3sz,/m/07r660_,/m/07sq110"
teWcPxBaFy0, 29, 39, "/m/04rlf,/m/07r660_"
teZBsGPRE18, 180, 190, "/m/07r660_,/m/09x0r,/t/dd00125"
tkCeQrDtP18, 500, 510, "/m/07r660_"
tnZS5jLHVfQ, 70, 80, "/m/07r660_,/m/09x0r,/m/0ytgt"
tnmoSBnXEWw, 110, 120, "/m/07r660_"
to2EBz3TG1M, 80, 90, "/m/07r660_,/m/09x0r"
tqGstmUkgPk, 30, 40, "/m/07r660_,/m/09x0r"
uKyaU33No3w, 0, 10, "/m/07r660_,/m/09x0r"
uNwGu74v2Jk, 0, 10, "/m/07r660_,/m/09x0r"
uUSjVbGkSvM, 2, 12, "/m/07r660_"
ubY1Ht-kZ1M, 30, 40, "/m/07r660_,/m/09x0r"
uuBvMQ8_n4o, 10, 20, "/m/04rlf,/m/07r660_"
uyYaxdpjLLw, 30, 40, "/m/07r660_,/m/09x0r,/t/dd00125"
uyZOATAYNH0, 200, 210, "/m/07r660_,/m/09x0r,/t/dd00125"
v0L9EvkDJ58, 30, 40, "/m/07r660_,/t/dd00129"
v2ksiP8LbLc, 30, 40, "/m/02zsn,/m/07r660_,/m/09x0r"
v4lltjPS19o, 40, 50, "/m/03qc9zr,/m/07r660_,/m/07s04w4,/m/09x0r"
vFOCFpOAw9s, 30, 40, "/m/07r660_"
vJM9NBPhocQ, 10, 20, "/m/07r660_,/m/09x0r,/t/dd00125"
vNuO2muCeNo, 0, 10, "/m/01j3sz,/m/07r660_,/m/07s04w4,/m/09x0r"
vOCITH6w0cA, 10, 20, "/m/03q5_w,/m/07r660_,/m/09x0r"
vQWBb0DRFoo, 330, 340, "/m/07r660_,/m/07sq110,/m/09x0r"
vSvbEk52bH0, 0, 10, "/m/07r660_,/m/09x0r"
vfpXJx3Ga64, 20, 30, "/m/07r660_"
vkFjgakRz_w, 120, 130, "/m/0463cq4,/m/07r660_,/m/09x0r"
vv---hgd9U0, 10, 20, "/m/07r660_,/m/09x0r,/t/dd00125"
w03SfihfslQ, 50, 60, "/m/07r660_,/m/09x0r,/m/0ytgt"
w0qb-yqjmn4, 520, 530, "/m/07r660_,/m/09x0r,/m/0ytgt,/t/dd00001"
w2OJudbySbc, 230, 240, "/m/07r660_,/m/09x0r,/m/0ytgt,/t/dd00126"
w2R_J9zSX1U, 110, 120, "/m/07r660_,/m/07rgt08,/m/07s04w4,/m/07sq110,/m/09x0r"
w9gwg6XnIaw, 190, 200, "/m/07r660_,/m/09x0r,/t/dd00125"
w9o9M6XtCYA, 0, 10, "/m/03qc9zr,/m/07r660_,/m/07sq110,/m/09x0r"
wAOXk9TVUxY, 16, 26, "/m/07r660_,/m/09x0r"
wCLd1jdZOuw, 30, 40, "/m/04rlf,/m/07r660_"
wLfH0GVQxq0, 20, 30, "/m/07r660_,/m/09x0r"
wVLgovBQkrM, 30, 40, "/m/0463cq4,/m/07r660_,/m/09x0r,/m/0ytgt,/t/dd00001,/t/dd00002"
wfCWF1Rn4EQ, 30, 40, "/m/04rlf,/m/07r660_,/t/dd00125"
wfl2ll7QPfA, 20, 30, "/m/07r660_,/m/09x0r,/t/dd00125"
wikWJ7dGh-Y, 5, 15, "/m/07r660_"
winzG0IyXmQ, 40, 50, "/m/07r660_,/m/09x0r,/m/0ytgt,/t/dd00126"
wn9F9Gfiu_k, 220, 230, "/m/07r660_,/m/09x0r,/t/dd00125"
wu2XHH6ssdE, 0, 5, "/m/07r660_,/m/09x0r"
x3mI2f1xMFs, 20, 30, "/m/01j3sz,/m/0261r1,/m/07r660_,/m/07s04w4,/m/07sq110"
xAAaxSwsE5g, 20, 30, "/m/01j3sz,/m/07r660_,/t/dd00001"
xDxsPmMOHTo, 90, 100, "/m/07r660_,/m/09x0r,/m/0ytgt"
xJyzIobVSUI, 30, 40, "/m/07r660_,/m/09x0r"
xSPKndf5t4U, 30, 40, "/m/04rlf,/m/07r660_,/m/09x0r"
xUJs9_3_fd4, 350, 360, "/m/02zsn,/m/07r660_,/m/09x0r,/t/dd00128"
xalV3EdZk2E, 0, 10, "/m/04rlf,/m/07r660_,/m/09x0r"
xg_0sjSeuMg, 30, 40, "/m/04rlf,/m/07r660_,/m/09x0r"
xiKpdWFnOSk, 5, 15, "/m/07r660_"
xkJJtnU1ips, 22, 32, "/m/04rlf,/m/07r660_"
xo_OAa7DgK8, 30, 40, "/m/07r660_"
xqrwCyRTV-g, 0, 10, "/m/01j3sz,/m/07r660_,/m/07sq110,/m/09x0r"
xt6fg3Zwk-8, 390, 400, "/m/0261r1,/m/07r660_,/m/09x0r,/t/dd00125"
xx4shVHSP_0, 30, 40, "/m/07r660_,/m/09x0r"
y3cxUFTe35U, 360, 370, "/m/07r660_,/m/09x0r,/m/0ytgt,/t/dd00126"
yAWlaWrdBx0, 190, 200, "/m/07r660_,/m/09x0r"
yBJX-JQQK34, 30, 40, "/m/07r660_,/m/09x0r,/t/dd00125"
yET4_ZqRDSA, 7, 17, "/m/07r660_"
yK7tFxqiwzY, 120, 130, "/m/07r660_,/m/07sq110,/m/09x0r,/m/0ytgt,/t/dd00001"
yTBaXNfImAE, 570, 580, "/m/015p6,/m/04rlf,/m/07r660_,/m/09x0r"
yatKdBnzs5s, 50, 60, "/m/07r660_,/t/dd00125"
yjipBX9NoZI, 110, 120, "/m/07r660_,/m/07sq110,/m/0ytgt,/t/dd00125"
ykF2Y10yDD0, 30, 40, "/m/07r660_,/m/07sq110,/m/09x0r,/t/dd00001"
ykdx2xHv8uw, 500, 510, "/m/07r660_,/m/09x0r,/t/dd00125"
ylkOh8wCSpY, 290, 300, "/m/07r660_,/m/07sq110,/m/09x0r"
yxqDTkW_u68, 8, 18, "/m/07r660_,/m/09x0r"
z-7fBZEh040, 30, 40, "/m/07r660_"
z2e7z2gigkk, 0, 9, "/m/07r660_,/m/09x0r"
z3R3I0i_jx0, 10, 20, "/m/01j3sz,/m/05zppz,/m/07r660_,/m/09x0r"
zE4mkg6eEf8, 50, 60, "/m/07r660_,/m/09x0r,/t/dd00125"
zRLJmWh7hOs, 80, 90, "/m/07r660_,/m/09x0r"
zSXEnNoS7-o, 0, 10, "/m/07r660_,/m/09x0r"
zT6A5OwLPeE, 0, 10, "/m/01j3sz,/m/02p3nc,/m/05zppz,/m/07r660_,/m/09x0r"
zml2TJMle3g, 0, 7, "/m/07r660_"
znFFN_CroVc, 0, 10, "/m/07r660_"
zvtF_PMoFxM, 210, 220, "/m/07r660_,/m/09x0r,/t/dd00125"
