--AQYzDx57k, 0, 10, "/m/07rgt08,/m/09x0r"
--sIMPsphRI, 10, 20, "/m/01j3sz,/m/05tny_,/m/068hy,/m/07rgt08,/m/07s04w4,/m/09x0r,/m/0bt9lr,/m/0jbk"
-1rvxdiILiM, 30, 40, "/m/04rlf,/m/07rgt08"
-AYwFAcUzSo, 420, 430, "/m/07rgt08,/m/09x0r"
-AhIU7Dnzmg, 210, 220, "/m/07rgt08,/m/09x0r"
-Bbv1_U0xBY, 190, 200, "/m/07rgt08,/m/09x0r"
-DgFyFjzBxc, 150, 160, "/m/07rgt08,/m/09x0r"
-FrxFBIUmos, 20, 30, "/m/07rgt08,/m/09x0r"
-H53wmeBhwE, 20, 30, "/m/01j3sz,/m/07rgt08,/m/07sq110"
-Jx_QdOJF0Q, 30, 40, "/m/07rgt08,/m/07s04w4,/m/09x0r"
-MVhc_VLXy0, 210, 220, "/m/07rgt08,/m/09x0r"
-RRJMkzuqlQ, 400, 410, "/m/07rgt08,/m/09x0r"
-UolgqlTe2I, 30, 40, "/m/07rgt08,/m/09x0r"
-VKryMKMBtI, 30, 40, "/m/07rgt08,/m/07s04w4"
-ac5-njNYFk, 230, 240, "/m/015lz1,/m/07rgt08"
-dC9BwNjef0, 250, 260, "/m/07rgt08,/m/09x0r"
-eThijmni8I, 50, 60, "/m/07rgt08,/m/09x0r"
-hlEMlNWUPg, 30, 40, "/m/07rgt08,/m/07s04w4,/m/09x0r"
-j0JNQeUZO0, 50, 60, "/m/07rgt08,/m/0ytgt"
-l1eztcQKAw, 20, 30, "/m/015lz1,/m/07rgt08,/m/0ytgt"
-n-McN0qco0, 40, 50, "/m/01j3sz,/m/07rgt08"
-ua4kmBeRtk, 30, 40, "/m/07rgt08,/m/09x0r"
0-nJxMuqw3Q, 480, 490, "/m/07rgt08,/m/09x0r"
09j5p7PwIro, 30, 40, "/m/07rgt08,/m/09x0r"
0DPHC547TJ8, 16, 26, "/m/07rgt08,/m/07s04w4"
0Gx233u7zSc, 380, 390, "/m/07rgt08,/m/09x0r"
0HVNUeYfpM8, 80, 90, "/m/01j3sz,/m/07rgt08,/m/09x0r"
0HdxP-FaHE0, 30, 40, "/m/04rlf,/m/07rgt08,/m/09x0r"
0I9RAH6HVP0, 360, 370, "/m/07rgt08,/m/09x0r"
0MWno7YOWK4, 50, 60, "/m/028ght,/m/05zppz,/m/07rgt08"
0Mu7Q66ojvY, 140, 150, "/m/01j3sz,/m/07rgt08,/m/09x0r,/m/0ytgt"
0QJLKETZkQM, 30, 40, "/m/07rgt08"
0QjkT8qwsK4, 30, 40, "/m/04rlf,/m/07rgt08,/m/09x0r"
0S_OHVlYBts, 10, 20, "/m/07rgt08,/m/09x0r"
0WOwZJ9G2N8, 110, 120, "/m/04rlf,/m/07rgt08,/m/09x0r"
0XeE29Eks4M, 30, 40, "/m/04rlf,/m/07rgt08,/m/09x0r"
0Xsny5M-hyE, 140, 150, "/m/07rgt08,/m/07s04w4,/m/09x0r,/m/0ytgt"
0ZlVKMl3qyw, 21, 31, "/m/04rlf,/m/07rgt08"
0k5EuyFZYpM, 60, 70, "/m/07rgt08,/m/09x0r"
0loTD5XebiQ, 20, 30, "/m/0261r1,/m/07rgt08,/m/0ytgt"
0n277mRByWo, 50, 60, "/m/01j3sz,/m/02zsn,/m/07rgt08,/m/09x0r"
0nfvljVJo14, 30, 40, "/m/04rlf,/m/07rgt08,/m/09x0r"
0sBXDgKfU_c, 10, 20, "/m/07rgt08"
0tFQhwsYmQg, 26, 36, "/m/07rgt08,/m/09x0r"
0vw9f02o1UU, 230, 240, "/m/04rlf,/m/07rgt08,/m/09x0r"
1-OdFDcotd4, 30, 40, "/m/07rgt08,/m/09x0r"
13AMLEH6qXU, 300, 310, "/m/07rgt08,/m/09x0r"
16txnh0DuuE, 30, 40, "/m/07rgt08,/m/09x0r"
1AmCFlYzeL4, 30, 40, "/m/07rgt08,/m/09x0r"
1EewlcyiBC8, 180, 190, "/m/01j3sz,/m/04rlf,/m/07rgt08,/m/09x0r"
1EgeaffEFjQ, 20, 30, "/m/0261r1,/m/07rgt08"
1JZe-d8yQmI, 540, 550, "/m/04rlf,/m/07rgt08,/m/07s04w4,/m/09x0r"
1KbnIhcNDew, 30, 40, "/m/07rgt08,/m/07s04w4,/m/09x0r"
1LknL4xMO3M, 10, 20, "/m/07rgt08,/m/0ytgt"
1MkGkopr0E4, 30, 40, "/m/07rgt08,/m/09x0r"
1MqnPScBXQ4, 590, 600, "/m/068hy,/m/07rgt08,/m/09x0r,/m/0bt9lr,/m/0jbk,/t/dd00125"
1S9te1lE_98, 50, 60, "/m/01j3sz,/m/07rgt08,/m/09x0r"
1U9hGKaKi4Q, 30, 40, "/m/07rgt08,/m/07s04w4,/m/09x0r"
1jA2Cmzelv4, 30, 40, "/m/07rgt08,/m/09x0r"
1l2Zb9J9ZnA, 30, 40, "/m/05zppz,/m/07rgt08,/m/09x0r"
1l72IrNJPjc, 20, 30, "/m/04rlf,/m/07rgt08,/m/09x0r"
1n_PXw2Q51U, 60, 70, "/m/04rlf,/m/07rgt08,/m/09x0r,/m/0bt9lr,/m/0jbk"
1neC7OSHueA, 20, 30, "/m/04rlf,/m/07rgt08,/m/09x0r"
1suEr5HK6nE, 280, 290, "/m/01j3sz,/m/07rgt08,/m/07s04w4,/m/09x0r"
1uyZNb7V7Bs, 30, 40, "/m/07rgt08,/m/09x0r,/t/dd00001"
1yOaHPaw60Q, 30, 40, "/m/07rgt08,/m/07s04w4,/m/09x0r"
1yXCHyV_rDI, 250, 260, "/m/07rgt08,/m/09x0r"
22FJV6z1J3Y, 60, 70, "/m/028ght,/m/07rgt08"
22n29bkaYqM, 30, 40, "/m/07rgt08,/m/09x0r"
253hsny759E, 30, 40, "/m/04rlf,/m/07rgt08"
28ICk77U6rU, 30, 40, "/m/02zsn,/m/07rgt08,/m/09x0r"
29tu5nsLOlk, 50, 60, "/m/07rgt08,/m/09x0r"
2FBbXC5jhU8, 30, 40, "/m/07rgt08,/m/09x0r"
2FRFK1djwP0, 30, 40, "/m/07rgt08,/m/07s04w4,/m/09x0r"
2FnACeXVgMs, 30, 40, "/m/07rgt08,/m/09x0r"
2G79cK0n7MM, 50, 60, "/m/04rlf,/m/07rgt08,/m/09x0r"
2JqAxsE_oyk, 30, 40, "/m/07rgt08,/m/07s04w4"
2XasgT15Pr8, 90, 100, "/m/07rgt08,/m/07s04w4,/m/09x0r,/t/dd00125"
2c470XOGvp4, 160, 170, "/m/07rgt08,/m/09x0r"
2cIiXSCDTlw, 30, 40, "/m/04rlf,/m/07rgt08"
2m3lcde7WNI, 340, 350, "/m/04rlf,/m/07rgt08,/m/09x0r"
2p0Qerx4CXs, 10, 20, "/m/07rgt08,/m/07s04w4,/m/09x0r"
2sh0D-0RmWM, 130, 140, "/m/07rgt08,/m/09x0r"
2xVPoFkX6Y0, 90, 100, "/m/01j3sz,/m/04rlf,/m/07rgt08,/m/09x0r"
2y_16H_rw0E, 120, 130, "/m/07rgt08,/m/09x0r"
2zoWZJS2nNQ, 30, 40, "/m/04rlf,/m/07rgt08,/m/09x0r"
3-GA1vpQQk0, 70, 80, "/m/01j3sz,/m/07rgt08,/m/09x0r"
32IupWUtF3k, 30, 40, "/m/07rgt08,/m/07s04w4"
32Xc593-NII, 30, 40, "/m/07rgt08"
34HlNzzQKFk, 0, 9, "/m/07rgt08,/m/07s04w4,/m/09x0r"
35-qDbw0wNg, 50, 60, "/m/07rgt08,/m/09x0r,/t/dd00126"
35TJzkXuJ1w, 150, 160, "/m/07rgt08,/m/0ytgt"
3A5AoL6DDvo, 30, 40, "/m/07rgt08,/m/09x0r,/t/dd00125"
3C1IpjsyHEA, 110, 120, "/m/07r660_,/m/07rgt08,/m/0ytgt"
3ED1Q9v2w_I, 300, 310, "/m/07rgt08"
3GFF47T4sbU, 10, 20, "/m/07rgt08,/m/09x0r,/m/0ytgt,/t/dd00125"
3L397rgPaDo, 30, 40, "/m/07rgt08,/m/09x0r"
3MICN2G6G24, 30, 40, "/m/07rgt08,/m/07s04w4,/m/09x0r"
3NlnwazZmzw, 50, 60, "/m/02p3nc,/m/07rgt08,/m/09x0r"
3Ri8_DHI4fQ, 30, 40, "/m/07rgt08,/m/09x0r"
3T00Vj88Mqw, 30, 40, "/m/02qldy,/m/05zppz,/m/07rgt08,/m/09x0r"
3UEzas-2YSE, 580, 590, "/m/01j3sz,/m/07rgt08,/m/09x0r"
3V9nuO4bhAk, 30, 40, "/m/05zppz,/m/07rgt08"
3YoYYVYy_yo, 10, 20, "/m/01j3sz,/m/07rgt08,/m/09x0r,/t/dd00125"
3gVPJ9R6tA8, 60, 70, "/m/01kcd,/m/04rlf,/m/04szw,/m/07gql,/m/07rgt08"
3jpO9879Epo, 20, 30, "/m/02zsn,/m/05zppz,/m/07rgt08,/m/09x0r"
3lW9GLNsFhI, 30, 40, "/m/07rgt08,/m/09x0r"
3lbiGhKoDb8, 30, 40, "/m/07rgt08,/m/07s04w4,/m/09x0r"
3ssdhEWkvU0, 220, 230, "/m/07rgt08,/m/09x0r"
3tSQkUE08Ic, 30, 40, "/m/07rgt08,/m/09x0r"
3tlSjRtu0ZI, 70, 80, "/m/01j3sz,/m/04rlf,/m/07rgt08,/m/09x0r"
3vPRd7DB3CE, 30, 40, "/m/07rgt08,/m/09x0r"
3xYjGPW769k, 510, 520, "/m/07rgt08,/m/09x0r"
3xiiXWQA8cY, 30, 40, "/m/03q5_w,/m/07rgt08,/m/09x0r"
3yShrSi_g2I, 30, 40, "/m/01j3sz,/m/07rgt08,/m/09x0r"
41kvpjQn3fU, 30, 40, "/m/07rgt08,/m/09x0r"
43xfz_J47qA, 30, 40, "/m/07rgt08,/m/09x0r"
47t43LFpXJA, 170, 180, "/m/07rgt08,/m/09x0r"
4Fq83h_zrFY, 30, 40, "/m/07rgt08,/m/09x0r,/t/dd00001"
4GXaS2XzffY, 30, 40, "/m/07rgt08,/m/07s04w4,/m/09x0r"
4Il_1KO7OKw, 0, 10, "/m/01j3sz,/m/07rgt08,/m/09x0r"
4JRge1cJkvE, 30, 40, "/m/07rgt08,/m/07s04w4,/m/09x0r"
4ToZJeTagB4, 30, 40, "/m/07rgt08,/m/07s04w4,/m/09x0r"
4UAq0hu3CA8, 50, 60, "/m/01j3sz,/m/07rgt08,/m/09x0r"
4XFSfB10EbI, 30, 40, "/m/07rgt08"
4XIRQLzN22o, 70, 80, "/m/07rgt08,/m/09x0r"
4Zws6fTSvCs, 6, 16, "/m/07rgt08,/m/09x0r"
4bkhAlgw-44, 30, 40, "/m/07rgt08,/m/07s04w4,/m/09x0r"
4eOIP-P4HXQ, 4, 14, "/m/07rgt08,/t/dd00001"
4hCbu731GqA, 20, 30, "/m/02zsn,/m/07rgt08,/m/09x0r"
4k5B4uH_EA4, 10, 20, "/m/01j3sz,/m/04rlf,/m/07rgt08,/m/09x0r"
4mAjY2auQuU, 140, 150, "/m/07rgt08,/m/09x0r"
4oliV6d_kN4, 470, 480, "/m/07rgt08,/m/07s04w4,/m/09x0r"
4pUiO6uQU40, 30, 40, "/m/04rlf,/m/07rgt08,/m/09x0r"
4pYjf_9uqbI, 30, 40, "/m/07rgt08,/m/07s04w4,/m/09x0r"
4td8p5X2x3g, 390, 400, "/m/07rgt08"
4tdewYsm4Yg, 30, 40, "/m/07rgt08,/m/07s04w4,/m/09x0r"
4urmRGK5CB4, 190, 200, "/m/01j3sz,/m/07rgt08,/m/09x0r"
4wQCkN1td88, 280, 290, "/m/07rgt08,/m/07s04w4,/m/09x0r,/t/dd00125"
4ymnL9Y1A9Y, 410, 420, "/m/07rgt08,/m/07s04w4,/m/09x0r"
5-2SGJBJptg, 60, 70, "/m/07rgt08,/m/09x0r"
5-Eu5QrzGag, 80, 90, "/m/03fwl,/m/068hy,/m/07rgt08,/m/09x0r,/m/0jbk"
55JE3RkS84U, 30, 40, "/m/01j3sz,/m/07rgt08,/m/07s04w4,/m/07sq110"
58xlYWoLrss, 30, 40, "/m/07rgt08,/m/09x0r"
5DZZ-Kmx08o, 60, 70, "/m/07rgt08,/m/09x0r"
5H0hxEvkPYU, 60, 70, "/m/07rgt08"
5HrA9jB7zrU, 20, 30, "/m/07r660_,/m/07rgt08,/m/0ytgt"
5MZYUwiSfVg, 70, 80, "/m/01j3sz,/m/07r660_,/m/07rgt08"
5NoamivA4SY, 30, 40, "/m/07rgt08,/m/09x0r"
5TOCsNGJ_FE, 11, 21, "/m/04rlf,/m/07rgt08"
5Vj0NpkAQbw, 30, 40, "/m/07rgt08,/m/09x0r"
5WyDSBuOjpw, 16, 26, "/m/07rgt08,/m/09x0r"
5_ffqeL0ai0, 160, 170, "/m/01j3sz,/m/04rlf,/m/07rgt08,/m/07s04w4,/m/09x0r"
5bcG8Oif0JI, 30, 40, "/m/07rgt08,/m/09x0r"
5ccwiaHEcIQ, 40, 50, "/m/07rgt08,/m/09x0r"
5eihlm59U4Q, 20, 30, "/m/04rlf,/m/07rgt08,/m/07s04w4,/m/09x0r"
5ggOwcq9_lw, 30, 40, "/m/04rlf,/m/07rgt08,/m/09x0r"
5itgzp6XKGc, 100, 110, "/m/04rlf,/m/07rgt08"
5j71dIQqtgg, 30, 40, "/m/07rgt08,/m/09x0r"
5jgej1r9zVE, 370, 380, "/m/01j3sz,/m/07rgt08,/m/09x0r"
5jhcjg725A0, 420, 430, "/m/07rgt08,/m/09x0r"
5riHSQ88ZlY, 150, 160, "/m/07rgt08,/m/09x0r"
5s1YMhe0q3c, 0, 10, "/m/03dnzn,/m/07rgt08,/m/07sq110"
5tqapEQ59q8, 30, 40, "/m/07rgt08,/m/09x0r"
5vpXiK2P_44, 70, 80, "/m/0463cq4,/m/07rgt08,/m/07sq110"
65xggirg8oc, 190, 200, "/m/01j3sz,/m/07rgt08,/m/07sq110"
6GJ1UKLZD4Y, 130, 140, "/m/07rgt08,/m/09x0r"
6LRQ3IAn5uk, 110, 120, "/m/01j3sz,/m/07rgt08,/m/09x0r"
6NeMNwwKwzc, 30, 40, "/m/01j3sz,/m/07rgt08,/m/09x0r"
6OrxqHcvU4g, 180, 190, "/m/07rgt08,/m/09x0r"
6PD-aHrl0ME, 60, 70, "/m/01j3sz,/m/07rgt08,/m/07s04w4"
6Pwu0YH6UhA, 50, 60, "/m/07rgt08,/m/09x0r"
6TKsKTkl9jA, 30, 40, "/m/07c52,/m/07rgt08,/m/09x0r"
6WV_2oJ6E0g, 30, 40, "/m/07rgt08,/m/07s04w4,/m/09x0r"
6b_twQlm1nI, 30, 40, "/m/07rgt08,/t/dd00001"
6lgD0QYHzoE, 1, 11, "/m/07rgt08,/m/07s04w4"
6lkDEwWnwkI, 40, 50, "/m/07rgt08"
6s9JUlfmzvo, 210, 220, "/m/04rlf,/m/07rgt08,/m/0y4f8"
6uFuG05rgoQ, 180, 190, "/m/07rgt08,/m/07s04w4,/m/09x0r"
6vNi1wbY_Z8, 170, 180, "/m/04rlf,/m/07rgt08,/m/09x0r"
6zRcsCWoxsk, 20, 30, "/m/07rgt08,/m/07sq110,/m/0ytgt"
7-uKQJHUWr8, 110, 120, "/m/04rlf,/m/07rgt08,/m/09x0r"
734HgjLgRcE, 30, 40, "/m/07rgt08,/t/dd00001"
75wFOfyuJS8, 530, 540, "/m/07r660_,/m/07rgt08,/m/07sq110"
76kVWkYoaKc, 30, 40, "/m/05zppz,/m/07rgt08,/m/09x0r,/m/0ytgt"
7Cr_M5ndplo, 22, 32, "/m/07rgt08"
7H9uckIIEFo, 150, 160, "/m/07rgt08,/m/09x0r"
7JdCG9W7hu4, 10, 20, "/m/01j3sz,/m/07rgt08,/m/09x0r"
7M698v3jXC0, 30, 40, "/m/01j3sz,/m/07rgt08,/m/07s04w4,/m/09x0r,/m/0ytgt"
7OhdP3TkH4U, 10, 20, "/m/04rlf,/m/068hy,/m/07rgt08,/m/09x0r,/m/0bt9lr,/m/0jbk"
7QGlX9E-8k8, 60, 70, "/m/07rgt08,/m/09x0r"
7Tde-w84biw, 220, 230, "/m/07rgt08,/m/09x0r"
7UvS6lGHAig, 120, 130, "/m/07r660_,/m/07rgt08,/m/0ytgt"
7WvGef41TJA, 30, 40, "/m/05zppz,/m/07rgt08"
7a2brqQwE8U, 10, 20, "/m/07rgt08,/m/07s04w4,/m/09x0r"
7cQgkB5dilE, 80, 90, "/m/07rgt08,/m/07s04w4"
7gJMfiwIwTE, 310, 320, "/m/07rgt08,/m/09x0r"
7jdXbgKeIqI, 30, 40, "/m/05zppz,/m/07rgt08,/m/09x0r"
7o2eDzobS3s, 360, 370, "/m/01j3sz,/m/07rgt08,/m/09x0r"
7pPocr-Pfto, 30, 40, "/m/07rgt08,/m/09x0r"
7u0RPg9BmJ8, 60, 70, "/m/01hsr_,/m/07rgt08,/m/09x0r"
7xI6rK0Siv4, 20, 30, "/m/04rlf,/m/07rgt08,/m/07s04w4,/m/09x0r"
7xWaOuBnUE4, 70, 80, "/m/07rgt08,/m/09x0r"
8-7GcGB3_Hk, 30, 40, "/m/07rgt08,/m/09x0r"
82gVD0Vk7Rw, 40, 50, "/m/07rgt08,/m/09x0r"
84ybXpiEzdA, 5, 15, "/m/07rgt08,/m/09x0r"
861ra-O5BSk, 30, 40, "/m/07rgt08,/m/07s04w4,/m/09x0r"
86PXZd6Qt9I, 250, 260, "/m/028ght,/m/05zppz,/m/07rgt08,/m/09x0r"
89A7uXK7hqo, 580, 590, "/m/07rgt08,/m/09x0r"
8BmYkhLD9T8, 30, 40, "/m/05zppz,/m/07rgt08,/m/09x0r"
8E1D3O-4GvE, 1, 11, "/m/07rgt08,/m/09x0r,/t/dd00001"
8ILx05DE7XE, 420, 430, "/m/04rlf,/m/07rgt08,/m/09x0r"
8JUaE_fO07o, 260, 270, "/m/07rgt08,/m/09x0r"
8MmTZYyl8gc, 80, 90, "/m/07rgt08,/m/07s04w4,/m/09x0r"
8OSoCe089cA, 60, 70, "/m/07rgt08,/m/09x0r"
8QjNRhNaX3o, 300, 310, "/m/07rgt08,/m/09x0r,/t/dd00125,/t/dd00128"
8YYeGsOzwQ0, 30, 40, "/m/01hsr_,/m/07rgt08,/m/07s04w4,/m/09x0r"
8e5z-QHn6RY, 90, 100, "/m/01j3sz,/m/07rgt08,/m/09x0r"
8eXvFJffE8Y, 250, 260, "/m/07rgt08,/m/09x0r"
8fF7rdKKDR8, 150, 160, "/m/07rgt08,/m/0ytgt"
8gFK1rMQgiQ, 110, 120, "/m/07rgt08,/m/09x0r,/m/0ytgt"
8iBH3PtNCng, 30, 40, "/m/04rlf,/m/07rgt08,/m/07s04w4"
8jcBwmu_zZE, 40, 50, "/m/01j3sz,/m/07rgt08,/m/09x0r,/m/0fx9l"
8kkYR1s6r8E, 30, 40, "/m/07rgt08,/m/09x0r"
8l1O2kyuZys, 30, 40, "/m/04rlf,/m/07rgt08,/m/09x0r"
8mS3Pbr-kps, 0, 7, "/m/07rgt08,/m/07s04w4,/m/09x0r"
8qD5Jvi1otc, 20, 30, "/m/07rgt08,/m/07s04w4,/m/09x0r"
8v9gentWF_U, 50, 60, "/m/03p19w,/m/07rgt08,/m/09x0r"
8xmgT1Wtnrw, 30, 40, "/m/07rgt08"
9-MR9ee7V98, 140, 150, "/m/01j3sz,/m/02zsn,/m/04rlf,/m/07rgt08,/m/09x0r,/t/dd00128"
9-Ri1B5bGYk, 20, 30, "/m/01j3sz,/m/07rgt08,/m/09x0r,/t/dd00126"
912jzpxfVAA, 170, 180, "/m/07rgt08,/m/09x0r"
947pdJu3kVI, 110, 120, "/m/04rlf,/m/07rgt08,/m/07s04w4,/m/09x0r"
94U-hw8Pshk, 510, 520, "/m/04rlf,/m/07rgt08,/m/09x0r"
96UVhUU377E, 30, 40, "/m/07rgt08,/m/09x0r"
97L82GP65Ck, 30, 40, "/m/07rgt08,/m/07s04w4"
98MOYVfyKy4, 110, 120, "/m/01j3sz,/m/07rgt08,/m/09x0r"
98P-W6nA7UU, 130, 140, "/m/04rlf,/m/07rgt08"
9GZIoZSnOXk, 480, 490, "/m/07rgt08,/m/07s04w4,/m/09x0r"
9J5JrJ1V2Ks, 30, 40, "/m/07rgt08,/m/09x0r"
9NBcTnTxLes, 30, 40, "/m/07rgt08,/m/07s04w4,/m/09x0r"
9Qdp4GZbyTU, 260, 270, "/m/01j3sz,/m/07rgt08,/m/09x0r"
9WFxcc-JF3U, 100, 110, "/m/07rgt08,/m/09x0r"
9Xl7XI6oR7c, 200, 210, "/m/07rgt08,/m/07s04w4,/m/09x0r"
9ammTsJh0hg, 450, 460, "/m/01j3sz,/m/05zppz,/m/07rgt08,/m/09x0r"
9eDLZX5YQL4, 30, 40, "/m/0261r1,/m/02zsn,/m/07qrkrw,/m/07rgt08,/m/09x0r,/m/0ytgt"
9kBvHiHHtoM, 0, 9, "/m/04rlf,/m/07rgt08,/m/07s04w4,/m/09x0r"
9si5vOH8bJU, 240, 250, "/m/07rgt08,/m/09x0r"
9tRr_Jj14Kk, 130, 140, "/m/07rgt08,/m/09x0r"
9xJy3MBmCVE, 130, 140, "/m/07rgt08"
A2F-JxBJamA, 170, 180, "/m/07rgt08,/m/09x0r"
A5Ka8Yaonr8, 30, 40, "/m/02zsn,/m/05zppz,/m/07rgt08,/m/09x0r"
A7Qc4virs7M, 0, 10, "/m/07rgt08,/m/09x0r"
A859un75Xzg, 30, 40, "/m/05zppz,/m/07rgt08,/m/09x0r"
AEWYwmvXHiU, 13, 23, "/m/04rlf,/m/07rgt08"
AEw2McqLRQY, 111, 121, "/m/07rgt08"
AFzKqCygAhs, 30, 40, "/m/015lz1,/m/04rlf,/m/05zppz,/m/074ft,/m/07rgt08,/m/09x0r,/m/0g293,/m/0z9c"
AGRcfesAhDI, 100, 110, "/m/07rgt08"
AGsqLzdDniw, 30, 40, "/m/01j3sz,/m/05zppz,/m/07rgt08,/m/09x0r"
AH2YEmKENLk, 50, 60, "/m/04rlf,/m/07rgt08,/m/09x0r"
AHLPvE7uiUc, 30, 40, "/m/0342h,/m/04rlf,/m/04rzd,/m/07rgt08,/m/09x0r,/m/0fx80y"
AID3T_UP-L0, 10, 20, "/m/04rlf,/m/07rgt08,/m/09x0r"
AKIWjFmAMt8, 20, 30, "/m/02zsn,/m/07rgt08,/m/09x0r"
ALWB7gX0rs8, 30, 40, "/m/04rlf,/m/07rgt08,/m/09x0r"
AMrMa379dY0, 30, 40, "/m/02zsn,/m/07rgt08,/m/09x0r"
ANAc0zAuPX8, 220, 230, "/m/07rgt08,/m/09x0r,/t/dd00126"
APnB9XU_UFw, 0, 10, "/m/01yrx,/m/068hy,/m/07rgt08,/m/0jbk"
AQeTPIThMhs, 20, 30, "/m/07rgt08,/m/07s04w4,/m/09x0r"
AQqlSTUfYk8, 90, 100, "/m/07rgt08"
AUw4xXBZ2i8, 40, 50, "/m/07rgt08,/m/09x0r"
AVO7Xr2Dods, 100, 110, "/m/07rgt08,/m/09x0r"
A_UHB1SAO50, 480, 490, "/m/07rgt08,/m/09x0r"
Aa2MuuhTthg, 30, 40, "/m/07rgt08,/m/09x0r"
AdIypGonhkQ, 360, 370, "/m/07rgt08,/m/0ytgt"
AdTddzmIvWA, 30, 40, "/m/07rgt08,/m/09x0r"
AdgsSUxv3YQ, 0, 10, "/m/0261r1,/m/07rgt08"
AeHF7njRWU0, 30, 40, "/m/07rgt08,/m/09x0r"
AePqEMUDNyY, 30, 40, "/m/07rgt08,/m/07s04w4,/m/09x0r"
AfkrehNyBXU, 30, 40, "/m/07rgt08,/m/09x0r"
Agob99cEFlA, 30, 40, "/m/01j3sz,/m/04rlf,/m/07rgt08,/m/07s04w4,/m/09x0r"
Ai1cYkg0yFo, 30, 40, "/m/07rgt08,/m/09x0r"
AiF3tOMHqUc, 30, 40, "/m/05zppz,/m/07rgt08,/m/09x0r"
AkjSEMJ28hE, 30, 40, "/m/07rgt08,/m/09x0r"
AoWR0mPw6Ek, 500, 510, "/m/01j3sz,/m/07rgt08,/m/07s04w4,/m/09x0r"
AocPl31STvQ, 30, 40, "/m/04rlf,/m/07rgt08,/m/09x0r"
ApdF9IbnQj8, 10, 20, "/m/07rgt08,/m/0ytgt"
AsbkqTYadPw, 30, 40, "/m/01j3sz,/m/07rgt08"
Auc5nWhuA8Q, 30, 40, "/m/05zppz,/m/07rgt08,/m/07rqsjt,/m/09x0r"
AxbidyMn0gQ, 30, 40, "/m/07qwdck,/m/07rgt08,/m/09x0r"
AxeX1tnXmG4, 22, 32, "/m/07rgt08,/m/09x0r"
AyACodY0hek, 30, 40, "/m/07rgt08"
AzRqzYeJD-M, 0, 10, "/m/07rgt08,/m/07s04w4,/m/09x0r"
Azt4o5FS1vo, 40, 50, "/m/068hy,/m/07rgt08,/m/09x0r,/m/0bt9lr,/m/0jbk"
B-s47tq8MH0, 30, 40, "/m/07rgt08,/m/07s04w4,/m/09x0r"
B1IuIhwC8wc, 0, 10, "/m/07rgt08,/m/07s04w4,/m/09x0r"
B1OYsV_Y85Q, 30, 40, "/m/04rlf,/m/07rgt08"
B6FPZgJ489E, 280, 290, "/m/03qc9zr,/m/04rlf,/m/07rgt08"
B85cvlvtVeM, 0, 10, "/m/01j3sz,/m/0261r1,/m/0463cq4,/m/07rgt08,/m/07s04w4,/m/09x0r"
B8vrSSMLmtY, 0, 7, "/m/07rgt08,/m/07s04w4,/m/09x0r"
B9doP1IgE54, 30, 40, "/m/05lls,/m/07rgt08,/m/09x0r"
B9skA5Rp2Sc, 260, 270, "/m/07rgt08,/m/09x0r"
BAEG3OtEf3s, 90, 100, "/m/07rgt08,/m/0ytgt"
BB8NulZxHfc, 20, 30, "/m/07rgt08,/m/09x0r,/m/0ytgt"
BF5T4Pjaymw, 30, 40, "/m/07rgt08,/m/09x0r"
BGEyte9ik2I, 18, 28, "/m/04rlf,/m/07rgt08,/m/09x0r"
BI9zy-5gGLY, 30, 40, "/m/07rgt08,/m/07s04w4,/m/09x0r"
BNLTrXzlgpI, 30, 40, "/m/07rgt08,/m/07s04w4"
BNi6uWIYYbc, 30, 40, "/m/028ght,/m/05zppz,/m/07rgt08,/m/09x0r"
BTyukY7Tb-U, 0, 10, "/m/07r660_,/m/07rgt08"
BUWWY_qJUDM, 30, 40, "/m/07rgt08,/t/dd00001"
BV3PreD-5-U, 30, 40, "/m/01yrx,/m/05zppz,/m/07rgt08"
BVCfa_5oCDg, 30, 40, "/m/07rgt08,/m/09x0r"
BYJrlTPYYYs, 7, 17, "/m/07rgt08,/m/07s04w4,/m/09x0r"
Bals78LmH5w, 150, 160, "/m/07rgt08,/m/09x0r,/m/0ytgt,/t/dd00125"
BczNwyCGlH4, 50, 60, "/m/07rgt08,/m/09x0r,/m/0bt9lr,/m/0jbk"
Bea4YfWKAgY, 50, 60, "/m/07rgt08,/m/09x0r"
BexyuYz889Q, 30, 40, "/m/07qsvvw,/m/07rgt08,/m/09x0r"
Bjf6zcZXTCY, 30, 40, "/m/07rgt08,/m/09x0r"
BkpNbcOIvx4, 80, 90, "/m/07rgt08"
Br2-nDM5zvY, 40, 50, "/m/07rgt08,/m/09x0r"
BuSlgLoQszk, 30, 40, "/m/07rgt08,/m/09x0r"
BvMTHWZtpdw, 240, 250, "/m/04rlf,/m/07rgt08"
BzpwfeHZQZ0, 450, 460, "/m/07rgt08,/m/07s04w4,/m/09x0r"
C0UuTyF_eBQ, 390, 400, "/m/01j3sz,/m/07rgt08,/m/07s04w4"
C0Z1vpdajg0, 30, 40, "/m/01j3sz,/m/07rgt08,/m/07s04w4,/m/09x0r"
C1Vh4MxKH64, 320, 330, "/m/02zsn,/m/07rgt08,/m/09x0r"
C3IPZXvIL68, 30, 40, "/m/07rgt08,/m/09x0r"
C6stse_AFpQ, 30, 40, "/m/07rgt08,/m/07s04w4,/m/09x0r"
C7uyQ6aaKGk, 190, 200, "/m/07rgt08,/m/09x0r"
C8I8uxb1Veo, 460, 470, "/m/01j3sz,/m/07rgt08,/m/09x0r"
C8SBJLAWbXs, 470, 480, "/m/07rgt08,/m/09x0r"
C9WWt3dS1I8, 50, 60, "/m/07rgt08,/m/09x0r"
C9fzPX2IZkg, 510, 520, "/m/07rgt08,/m/09x0r"
CA4RVYgk74o, 30, 40, "/m/07rgt08,/m/09x0r"
CC8ZYGk63W0, 30, 40, "/m/01j3sz,/m/0261r1,/m/03qc9zr,/m/0463cq4,/m/07rgt08,/m/07s04w4,/m/0ytgt,/t/dd00125"
CCgms-GXN8o, 30, 40, "/m/07rgt08,/m/07s04w4,/m/09x0r"
CDG_3w4vOLk, 20, 30, "/m/07rgt08,/m/09x0r"
CEmDoh7jaIg, 30, 40, "/m/07rgt08,/m/07s04w4,/m/09x0r"
CHidPgKcFfY, 170, 180, "/m/04rlf,/m/07rgt08,/m/07s04w4"
CQfjJwALJ4g, 490, 500, "/m/07rgt08,/m/09x0r"
CQpRZ3DRI2E, 160, 170, "/m/01j3sz,/m/05zppz,/m/07rgt08,/m/09x0r"
CTIbTg9FQks, 30, 40, "/m/07rgt08,/m/09x0r"
CV7DLq1wN0A, 30, 40, "/m/07rgt08,/m/09x0r"
CWk_lxDRXZg, 30, 40, "/m/07rgt08,/m/09x0r"
CWpKht8TIcM, 20, 30, "/m/07rgt08"
CXNWrXLTcnI, 250, 260, "/m/07rgt08,/m/09x0r"
CXSvL9SdVFI, 20, 30, "/m/01j3sz,/m/07rgt08,/m/09x0r"
CgS19_yjIeY, 400, 410, "/m/07rgt08,/m/09x0r"
Cj0WMRrrvYk, 180, 190, "/m/07rgt08,/m/09x0r"
CjPlMp0ToQc, 30, 40, "/m/07rgt08,/m/09x0r"
CkTJuTsYf14, 50, 60, "/m/01j3sz,/m/07rgt08,/m/09x0r"
CmYK5ovex30, 30, 40, "/m/04rlf,/m/07rgt08,/m/09x0r"
CnqEQtUHZbo, 30, 40, "/m/07rgt08,/m/09x0r,/t/dd00001"
CokrZi_f-jE, 30, 40, "/m/07rgt08,/m/09x0r"
CorFlN5cuf4, 13, 23, "/m/04rlf,/m/07rgt08,/t/dd00001"
CpTDLZbENxo, 30, 40, "/m/05zppz,/m/07rgt08,/m/09x0r"
CqhPMjumTOA, 30, 40, "/m/04rlf,/m/07rgt08,/m/09x0r"
CrSYkZdCs4c, 30, 40, "/m/07rgt08,/m/09x0r"
CskcjAvzLmE, 30, 40, "/m/07rgt08,/m/07s04w4,/m/09x0r"
Cue3fy5QMjI, 240, 250, "/m/07rgt08,/m/07sq110,/m/09x0r"
Cw0outUmKhk, 30, 40, "/m/07rgt08,/m/09x0r"
CyKfCAIfLp8, 30, 40, "/m/07rgt08,/m/09x0r"
D-beVTmCqok, 0, 10, "/m/01j3sz,/m/07rgt08,/m/09x0r,/t/dd00126"
D-j1bgH3Wyg, 30, 40, "/m/030rvx,/m/07rgt08,/m/09x0r"
D2MHAFPyYAA, 310, 320, "/m/07rgt08,/m/09x0r"
D5MKEEkTlGU, 30, 40, "/m/04rlf,/m/07rgt08"
D5WoQRnUGqE, 80, 90, "/m/07rgt08,/m/07s04w4,/m/09x0r"
DCflg8bf-T4, 320, 330, "/m/01j3sz,/m/04rlf,/m/07rgt08,/m/09x0r"
DDoj17bOxps, 30, 40, "/m/07rgt08,/m/07s04w4,/m/09x0r"
DDzZsupfFbk, 120, 130, "/m/07rgt08,/m/0ytgt"
DGGmJUd8a70, 21, 31, "/m/04rlf,/m/07rgt08,/m/09x0r,/t/dd00001"
DH-cwvd2VSg, 30, 40, "/m/07rgt08"
DHD6P93Mm4o, 30, 40, "/m/07rgt08,/m/09x0r"
DJC1vdVJUn4, 30, 40, "/m/04rlf,/m/07rgt08,/m/09x0r"
DLLWOFquoB0, 10, 20, "/m/01j3sz,/m/07rgt08,/m/07s04w4,/m/07sq110"
DPWWS1X2yzg, 30, 40, "/m/07rgt08,/m/09x0r"
DPXqBXhAr7M, 0, 3, "/m/04rlf,/m/07rgt08"
DRYzbXhF6yk, 120, 130, "/m/01j3sz,/m/07rgt08"
DSv2fzil2yM, 30, 40, "/m/0463cq4,/m/07c52,/m/07rgt08,/m/07s04w4,/m/09x0r"
DXSHDq3P0Hc, 30, 40, "/m/01j3sz,/m/07rgt08,/m/09x0r,/m/0ytgt"
D_TkPLA9f2s, 10, 20, "/m/07rgt08,/m/09x0r"
D_fChPuvQnM, 10, 20, "/m/07rgt08"
DbHZZt5lRy0, 30, 40, "/m/04rlf,/m/07rgt08,/m/07s04w4"
Df943XEZ-Bg, 100, 110, "/m/07rgt08,/m/09x0r"
Df9PxGUwi9Q, 70, 80, "/m/07rgt08,/m/09x0r,/t/dd00126"
DhlPa8lUosM, 300, 310, "/m/01h8n0,/m/07rgt08,/m/09x0r"
DiV7Z_THBpc, 540, 550, "/m/07rgt08,/m/07s04w4,/m/09x0r"
Dl5rA7BkpWY, 100, 110, "/m/07r660_,/m/07rgt08"
DlK33z82-Ak, 30, 40, "/m/07rgt08,/t/dd00001"
Dm6_T2Atzuk, 40, 50, "/m/07rgt08,/m/09x0r"
DntcoNVqEsQ, 160, 170, "/m/07rgt08,/m/09x0r"
DqBKJGcmr_A, 30, 40, "/m/07rgt08,/m/09x0r"
DrI_lsVHdIU, 130, 140, "/m/07rgt08,/m/09x0r,/m/0ytgt"
DvY5efVy7hU, 110, 120, "/m/01h8n0,/m/04rlf,/m/07rgt08,/m/09x0r"
Dwhw9pXLmsA, 30, 40, "/m/07rgt08,/m/07s04w4"
Dxhl3YQ0d7A, 30, 40, "/m/04rlf,/m/07rgt08,/m/07s04w4"
DxmbqryhlGU, 30, 40, "/m/07rgt08,/m/09x0r"
E0CaC-gyAuo, 30, 40, "/m/07rgt08,/t/dd00001"
E18MLcHBKkg, 30, 40, "/m/07rgt08,/m/09x0r"
E41n9lyCScM, 180, 190, "/m/07rgt08,/m/07s04w4,/m/09x0r"
E7yWNxBA0NY, 30, 40, "/m/07rgt08,/m/09x0r"
E8HvjsYVCCw, 9, 19, "/m/04rlf,/m/07rgt08,/m/09x0r"
E8pqau9WdT8, 520, 530, "/m/028ght,/m/05zppz,/m/07rgt08,/m/09x0r"
EGUWc9JKnsM, 30, 40, "/m/07rgt08,/m/07s04w4"
EGmD2prcy2s, 220, 230, "/m/07r660_,/m/07rgt08,/m/09x0r,/m/0ytgt"
EIR2KR7Qt2k, 30, 40, "/m/07rgt08,/m/09x0r"
EKMXyhAK_VI, 50, 60, "/m/01j3sz,/m/07rgt08,/m/09x0r"
ELJf73ZecBw, 0, 9, "/m/07rgt08,/m/07s04w4,/m/09x0r"
ELKYDw3QZGg, 30, 40, "/m/07rgt08,/m/07s04w4,/m/09x0r"
EMw8pNpJLlA, 30, 40, "/m/07rgt08,/m/07s04w4,/m/09x0r"
ENs8PAFcGqY, 300, 310, "/m/07rgt08,/m/09x0r"
EOiCZAxcyVc, 30, 40, "/m/07rgt08,/m/07s04w4"
EOzdp31eHtc, 30, 40, "/m/07rgt08,/m/07s04w4,/m/09x0r"
ERr5MnuOy4E, 30, 40, "/m/04rlf,/m/07rgt08,/m/09x0r"
ETOorNNFxFw, 3, 13, "/m/07rgt08,/m/07s04w4"
EVWmue2oLm0, 30, 40, "/m/015p6,/m/068hy,/m/07rgt08,/m/07s04w4,/m/09x0r,/m/0h0rv"
EZ4V8psvp20, 17, 27, "/m/07rgt08,/m/07s04w4,/m/09x0r"
E_k_YuELbYw, 30, 40, "/m/07rgt08,/m/09x0r"
EcSUGDDLKqo, 80, 90, "/m/01j3sz,/m/07rgt08,/m/09x0r"
EdBBu8EFAg0, 30, 40, "/m/07rgt08,/m/07s04w4,/m/09x0r"
EjhJmFbeNFg, 30, 40, "/m/07rgt08,/m/07swgks,/m/09x0r"
EmfUb7VmHkc, 30, 40, "/m/018j2,/m/04rlf,/m/04szw,/m/05zppz,/m/07rgt08,/m/09x0r,/m/0fx80y,/m/0gg8l"
EpEeSf0TKC8, 0, 10, "/m/01j3sz,/m/07rgt08,/m/09x0r"
EqCas2nGFKg, 470, 480, "/m/07rgt08,/m/09x0r"
EubHdQm1_eA, 1, 11, "/m/07rgt08,/m/09x0r"
F-VFIls5RRA, 250, 260, "/m/07rgt08"
F2bgtIKNOUQ, 30, 40, "/m/07rgt08,/m/09x0r"
F2zuC1SwEM0, 30, 40, "/m/07rgt08,/m/09x0r"
F32U7XyKvO0, 30, 40, "/m/07rgt08,/m/09x0r"
FCuoGpokPds, 70, 80, "/m/07rgt08,/m/09x0r"
FE3LiVzswYo, 470, 480, "/m/04rlf,/m/04szw,/m/05r5c,/m/07rgt08,/m/09x0r"
FEiIzf5hb2o, 30, 40, "/m/07rgt08,/m/09x0r"
FFPWQX9GlvQ, 30, 40, "/m/07rgt08,/m/07s04w4"
FHk70zZ2b0s, 90, 100, "/m/01j3sz,/m/07rgt08,/m/09x0r"
FHkt1s21eVA, 30, 40, "/m/07rgt08,/m/07s04w4"
FL_v2PhMd9Y, 30, 40, "/m/04rlf,/m/07rgt08,/m/07s04w4"
FR7FDxAydrI, 30, 40, "/m/07rgt08,/m/07s04w4"
FRLV9WnpnuQ, 510, 520, "/m/01j3sz,/m/07rgt08,/m/07s04w4,/m/09x0r"
FRhiZC10a-Q, 320, 330, "/m/07rgt08,/m/09x0r"
FUrdx1km6Lw, 19, 29, "/m/07rgt08,/m/07s04w4,/m/09x0r,/t/dd00001"
FdFIupKwrkA, 30, 40, "/m/07rgt08,/m/09x0r"
Fj0DNuaNtcM, 0, 4, "/m/04rlf,/m/07rgt08,/m/07s04w4"
FjEhvn-gzS8, 30, 40, "/m/07rgt08,/m/09x0r"
Fkn-poTw_gA, 0, 10, "/m/01j3sz,/m/07rgt08"
Fn94fVXSch0, 190, 200, "/m/01h8n0,/m/07rgt08,/m/09x0r"
Fxbp176EN9c, 30, 40, "/m/07rgt08,/m/09x0r"
FyrUn8i_pH8, 30, 40, "/m/04rlf,/m/07rgt08,/m/09x0r,/t/dd00035"
G1W-rg8B0MA, 230, 240, "/m/07rgt08,/m/09x0r"
G8rsuleSs-Y, 7, 17, "/m/07rgt08,/m/07s04w4,/m/09x0r"
GANFi8h4Vbo, 1, 11, "/m/04rlf,/m/07rgt08,/m/07s04w4,/m/09x0r"
GHJKZX0KU08, 10, 20, "/m/04rlf,/m/07rgt08,/m/09x0r"
GJC2EcC73vs, 100, 110, "/m/07rgt08,/m/09x0r"
GMf18ghyXMY, 30, 40, "/m/07rgt08,/m/07s04w4,/m/09x0r"
GO98TbfgNPI, 30, 40, "/m/04rlf,/m/074ft,/m/07rgt08,/m/0l14jd,/m/0z9c"
GO_5M0yTmtw, 300, 310, "/m/07rgt08,/m/07s04w4,/m/09x0r"
GPAgFWxbHlw, 0, 10, "/m/07rgt08"
GPIeUnzTfYU, 30, 40, "/m/07rgt08,/m/09x0r"
GPbChTc57XM, 30, 40, "/m/07rgt08,/m/09x0r"
GSPloFp2F5w, 30, 40, "/m/07rgt08,/m/07s04w4,/m/09x0r"
G_QyUROU9cE, 50, 60, "/m/07rgt08,/m/09x0r"
Gl3f5RMExz4, 40, 50, "/m/01j3sz,/m/07rgt08,/m/09x0r"
GlH1DUQdjRs, 70, 80, "/m/01j3sz,/m/07rgt08,/m/07s04w4,/m/09x0r"
GnlIJBRz3JI, 40, 50, "/m/05zppz,/m/07rgt08"
GoLv6aXEOik, 280, 290, "/m/07rgt08,/m/09x0r"
Gv8aTgbENvs, 19, 29, "/m/07rgt08,/m/07s04w4,/m/09x0r"
GyjR5V0Sj94, 30, 40, "/m/07rgt08,/m/09x0r"
H3z80CBJYRU, 30, 40, "/m/02zsn,/m/07rgt08,/m/09x0r"
H66atbTrAQU, 140, 150, "/m/07rgt08,/m/09x0r"
H6cRNrw4iPs, 0, 10, "/m/07rgt08,/m/09x0r"
HAToCczxJlk, 30, 40, "/m/07rgt08,/m/09x0r"
HAccleeGc6A, 30, 40, "/m/07rgt08,/m/07s04w4,/m/09x0r"
HEYApdJDltQ, 30, 40, "/m/07rgt08,/m/09x0r"
HJ2jFb0xU3k, 0, 10, "/m/07rgt08,/m/07s04w4,/m/09x0r"
HNEhSxXAyXA, 40, 50, "/m/04rlf,/m/07rgt08,/m/09x0r"
HV8TdUaplzI, 30, 40, "/m/07rgt08,/m/09x0r"
HVF8a59C8w0, 30, 40, "/m/07rgt08,/m/07s04w4,/m/09x0r"
HXXDweXiqVs, 100, 110, "/m/01j3sz,/m/07rgt08,/m/07s04w4,/m/09x0r"
HeQch-tqle4, 50, 60, "/m/01j3sz,/m/07rgt08,/m/09x0r,/m/0ytgt"
Hj6h1QdiPFI, 220, 230, "/m/07r660_,/m/07rgt08,/m/0ytgt"
HjB2tnr8Spo, 30, 40, "/m/07rgt08,/m/09x0r"
Hjc8OYRLYx0, 30, 40, "/m/07rgt08,/m/09x0r"
HjtoKqETV0s, 30, 40, "/m/07rgt08,/m/09x0r"
HphJ9QrC03E, 30, 40, "/m/07rgt08,/m/09x0r"
HpwCs7Gnc24, 30, 40, "/m/07rgt08,/m/09x0r,/t/dd00001"
I6rHvpgV32g, 10, 20, "/m/07rgt08,/m/09x0r"
IDDEpnjgTyw, 30, 40, "/m/07rgt08,/m/07s04w4"
IH0Hswbh7KA, 30, 40, "/m/07rgt08,/m/09x0r"
ILXnLrVlySY, 80, 90, "/m/02zsn,/m/07rgt08,/m/09x0r"
IMMwnXIhEIc, 30, 40, "/m/07rgt08,/m/09x0r"
IOLMVoxRSgk, 200, 210, "/m/04rlf,/m/07rgt08,/m/09x0r"
IRcPJNZkCTc, 20, 30, "/m/068hy,/m/07rgt08,/m/0bt9lr,/m/0jbk"
ITTlr3peK38, 340, 350, "/m/07rgt08"
IZm6eBHBMKA, 30, 40, "/m/01j3sz,/m/07rgt08,/m/09x0r"
IaRMcAphWYM, 30, 40, "/m/07rgt08,/m/09x0r"
IdJTmZvbnUo, 30, 40, "/m/07rgt08,/m/07s04w4,/m/09x0r"
IfEjt0AgJvc, 20, 30, "/m/015lz1,/m/07rgt08,/m/09x0r"
Il3zew2_4eE, 40, 50, "/m/01j3sz,/m/07rgt08,/m/07s04w4,/m/09x0r"
IlA1PM8wvw8, 30, 40, "/m/07rgt08,/m/09x0r"
ImW4KQJylCA, 120, 130, "/m/01j3sz,/m/07rgt08"
InCDjnUcROI, 30, 40, "/m/07rgt08,/m/07s04w4,/t/dd00001"
InKXfVGOhLM, 120, 130, "/m/07rgt08,/m/09x0r,/m/0ytgt"
InT0mc4g_-c, 70, 80, "/m/07rgt08,/m/09x0r"
IpFYguz7cVc, 21, 31, "/m/07rgt08,/m/09x0r"
IuDwzQt-Kg4, 270, 280, "/m/01j3sz,/m/07rgt08,/m/09x0r"
Ivg1geb_bv4, 30, 40, "/m/07rgt08,/m/07s04w4"
Iy7O56IBM3Y, 0, 10, "/m/07rgt08,/m/09x0r"
Izg45qsbYAw, 28, 38, "/m/07rgt08,/m/09x0r"
IzlyXu564xk, 140, 150, "/m/07rgt08,/m/09x0r"
IzoPJx1_3sU, 220, 230, "/m/04rlf,/m/07rgt08,/m/09x0r"
J2BiB_KNHi0, 0, 5, "/m/04rlf,/m/07rgt08"
J49epYLf4ns, 30, 40, "/m/01j3sz,/m/07rgt08,/m/09x0r"
J4rVDzgA99Q, 30, 40, "/m/07rgt08,/m/07s04w4"
J5sSgdJIU5g, 30, 40, "/m/04rlf,/m/07rgt08,/m/09x0r"
JBT_qsKqTJM, 0, 5, "/m/07rgt08,/m/09x0r"
JBsin8hJecY, 30, 40, "/m/07rgt08,/m/07s04w4,/m/09x0r"
JKWfm7QxjlI, 3, 13, "/m/07rgt08,/m/07s04w4,/m/09x0r"
JL8C0RadPzg, 30, 40, "/m/07rgt08,/m/07s04w4,/m/09x0r"
JPAQdPvP2dI, 30, 40, "/m/01j3sz,/m/07rgt08,/m/09x0r"
JXuT6EkFcoU, 30, 40, "/m/04rlf,/m/07rgt08,/m/09x0r"
JZ-Wbx5otbs, 50, 60, "/m/07rgt08,/m/09x0r"
Ja5ewU_57eY, 30, 40, "/m/07qnq_y,/m/07rgt08"
JjMiy3Z1Yko, 30, 40, "/m/07rgt08,/m/09x0r"
Jjuj5jWPdSU, 30, 40, "/m/07rgt08,/m/09x0r"
Jq4Pt1d1ZFo, 19, 29, "/m/07rgt08,/m/09x0r"
JrToKBsEB4c, 30, 40, "/m/07rgt08,/m/09x0r"
JwL6rUzoe6Q, 30, 40, "/m/07rgt08,/m/07s04w4"
JwN2Jss2-jU, 520, 530, "/m/07rgt08"
Jwo-2ljdpXk, 130, 140, "/m/04rlf,/m/06bxc,/m/07rgt08,/m/09x0r"
K0QTdZGyrI4, 30, 40, "/m/028ght,/m/04rlf,/m/05zppz,/m/07rgt08,/m/09x0r"
K7zQcM8-IJM, 0, 10, "/m/07rgt08,/m/09x0r"
K9dwZkoGOpg, 30, 40, "/m/07rgt08"
KCjldVwZdeM, 30, 40, "/m/07rgt08,/m/09x0r"
KFMq6G5KIds, 0, 10, "/m/0463cq4,/m/07rgt08"
KGTL8rFxk_c, 0, 7, "/m/07rgt08,/m/07s04w4,/m/09x0r"
KIl8G6Dvm4A, 110, 120, "/m/0463cq4,/m/07rgt08,/m/0ytgt"
KJhk0LgrjeE, 30, 40, "/m/07rgt08,/m/07s04w4,/m/09x0r"
KQcqQK0KJb4, 18, 28, "/m/01j3sz,/m/04rlf,/m/07rgt08,/m/09x0r"
KRWDXqfJYW4, 40, 50, "/m/01jt3m,/m/07rgt08,/m/09x0r"
KS3yE2mnJTo, 30, 40, "/m/07rgt08,/m/09x0r"
KSXtFDQNjqc, 360, 370, "/m/07rgt08,/m/09x0r,/t/dd00126"
KUpuig7bLwk, 30, 40, "/m/07rgt08,/m/09x0r"
KZvdxCXpMcY, 30, 40, "/m/07rgt08,/m/07s04w4,/m/07sq110,/m/09x0r,/m/0ytgt,/t/dd00001"
KcPtruBDqmw, 30, 40, "/m/07rgt08,/m/07s04w4,/m/09x0r"
KenV2bIQf1o, 30, 40, "/m/07rgt08,/m/07s04w4,/m/09x0r"
KeprFzFcbYU, 10, 20, "/m/01j3sz,/m/02p3nc,/m/07rgt08,/m/09x0r"
Kfb02irMwf0, 0, 6, "/m/07rgt08,/m/07s04w4,/m/09x0r"
KmAbW8pSHZE, 23, 33, "/m/04rlf,/m/07rgt08,/m/09x0r"
KmQt6rB9HyE, 0, 10, "/m/07rgt08,/m/09x0r"
KohhvyrKGaw, 310, 320, "/m/07rgt08,/m/09x0r"
Kt2jLK2X3Xg, 20, 30, "/m/04rlf,/m/07rgt08"
KvCk1wsB9IA, 70, 80, "/m/03q5_w,/m/07rgt08,/m/07s04w4,/m/09x0r,/m/0ytgt"
KvHY_StVb1g, 30, 40, "/m/01j3sz,/m/07rgt08,/m/07s04w4,/m/09x0r"
Kvl88H5fcyo, 30, 40, "/m/07rgt08,/m/09x0r"
KyQI28cgyOE, 20, 30, "/m/07rgt08,/m/09x0r"
L-X7BqQN_p4, 10, 20, "/m/07rgt08,/m/09x0r"
L-k3lFuQ3iM, 30, 40, "/m/07rgt08,/m/09x0r,/t/dd00001"
L1KSdMydCrk, 90, 100, "/m/01j3sz,/m/07rgt08,/m/09x0r"
L4UMBsZwk-Q, 30, 40, "/m/07rgt08,/m/09x0r"
L4Vmaa2Xd-I, 30, 40, "/m/07rgt08,/m/09x0r"
LCVz-VVYr0s, 0, 10, "/m/07rgt08,/m/09x0r"
LDhsenZtHZ4, 30, 40, "/m/04rlf,/m/07rgt08,/m/09x0r"
LG7XGMqy8D8, 30, 40, "/m/05zppz,/m/07rgt08,/m/09x0r"
LIO5z42cMYU, 390, 400, "/m/01j3sz,/m/07rgt08,/m/09x0r"
LLsKr1v6uE8, 30, 40, "/m/07rgt08,/m/07s04w4,/m/09x0r"
LN6oUo9EfuY, 140, 150, "/m/07rgt08,/m/07s04w4,/m/09x0r"
LOvz8P3OZ0s, 0, 10, "/m/07rgt08,/m/07s04w4,/m/09x0r"
LR-MeKgwom0, 100, 110, "/m/07rgt08"
LSLH3IA1fNM, 30, 40, "/m/07rgt08,/m/09x0r"
LTHcFJdkiHQ, 30, 40, "/m/07rgt08,/m/07s04w4,/m/09x0r,/t/dd00001"
LTuFpwlB-T0, 50, 60, "/m/07rgt08,/m/07ryjzk,/m/09x0r"
LTypnV18994, 390, 400, "/m/07rgt08,/m/09x0r"
LUC1kXk9BbA, 30, 40, "/m/07rgt08,/m/07s04w4"
LUZQSOqla6I, 0, 10, "/m/01j3sz,/m/02_nn,/m/07rgt08,/m/09x0r"
LWXpVcS3JmQ, 30, 40, "/m/07rgt08,/m/07s04w4"
LXw5ZMvPkIs, 30, 40, "/m/02p3nc,/m/07rgt08,/m/09x0r"
L_B5gvtHrbc, 10, 20, "/m/07rgt08,/m/07s04w4,/m/09x0r"
Lb1phRQ-P4c, 130, 140, "/m/07rgt08,/m/09x0r"
Lb30PEc6a70, 160, 170, "/m/07rgt08,/m/07s04w4,/m/09x0r"
LhdAut8zOPw, 40, 50, "/m/07rgt08,/m/09x0r"
LopuqC456yg, 90, 100, "/m/01j3sz,/m/07rgt08,/m/07s04w4,/m/09x0r"
LostCc3fwn4, 550, 560, "/m/07rgt08,/m/09x0r"
Lp6-CQJc6GU, 80, 90, "/m/05zppz,/m/07rgt08"
LpYVJLhASis, 130, 140, "/m/07rgt08,/m/09x0r"
LqXHaL_QpEQ, 290, 300, "/m/07rgt08,/m/09x0r"
Lrqnem7t_lc, 30, 40, "/m/05zppz,/m/07rgt08,/m/09x0r"
LtJn7wqTlHQ, 390, 400, "/m/07rgt08"
Lu9bfIQUVKw, 520, 530, "/m/07rgt08,/m/09x0r"
Lu9fYcc6O14, 25, 35, "/m/07rgt08,/m/09x0r"
LuFUthLvYms, 30, 40, "/m/0342h,/m/04rlf,/m/04szw,/m/07rgt08,/m/09x0r"
Lv8wwTjOj1A, 18, 28, "/m/07rgt08,/m/07s04w4,/m/09x0r"
LvYJtu2MsHM, 0, 8, "/m/07rgt08,/m/09x0r"
M1bmYMDKlrI, 430, 440, "/m/04rlf,/m/07rgt08,/m/09x0r"
M5ZRPPe34R0, 0, 4, "/m/07rgt08,/m/07s04w4"
M6EbDwxBn_U, 590, 600, "/m/07rgt08,/m/09x0r"
M9Rv_EEYRB0, 30, 40, "/m/07rgt08,/m/07s04w4,/m/09x0r"
MHYfT3OaznM, 170, 180, "/m/07rgt08,/m/09x0r"
MHsBKgU-8gY, 490, 500, "/m/04rlf,/m/07rgt08,/m/09x0r"
MMry-wMfBkc, 20, 30, "/m/07rgt08,/m/09x0r,/t/dd00125"
MTDWCLDMOV8, 30, 40, "/m/07rgt08"
MV3su3GbrNk, 30, 40, "/m/07rgt08,/m/09x0r"
MXkqKt-o3Tk, 30, 40, "/m/07rgt08,/m/07s04w4,/m/09x0r"
MZxec2N1KhY, 30, 40, "/m/07rgt08,/m/07s04w4,/m/09x0r"
M_zwX9rk-hk, 30, 40, "/m/07rgt08,/m/07s04w4,/m/09x0r"
MbaZjIi4N8w, 280, 290, "/m/04rlf,/m/04szw,/m/07rgt08,/m/09x0r,/m/0fx80y"
MbpiQJdZymg, 150, 160, "/m/04rlf,/m/07rgt08,/m/09x0r"
MdlEswBfZMQ, 70, 80, "/m/07rgt08,/m/09x0r,/m/0ytgt,/t/dd00125"
MqvjPZwcFao, 30, 40, "/m/07rgt08,/t/dd00001"
Mrs-siZmviU, 30, 40, "/m/07rgt08,/m/09x0r"
Mrvwx9_9Fus, 30, 40, "/m/07rgt08,/m/09x0r"
Mtb2lUNEykI, 20, 30, "/m/01j3sz,/m/07rgt08,/m/09x0r"
N-PLyFAsJxs, 40, 50, "/m/07rgt08,/m/09x0r"
N0Xy2WLz_9I, 50, 60, "/m/07rgt08,/m/09x0r"
N9BJWkkHbKY, 300, 310, "/m/01j3sz,/m/04rlf,/m/07rgt08,/m/09x0r"
NKQPdGnLocU, 30, 40, "/m/04rlf,/m/07rgt08,/m/07s04w4"
NOO6gCjFV-E, 130, 140, "/m/07rgt08,/m/0ytgt"
NPxvrq3EcYI, 30, 40, "/m/07rgt08,/m/07s04w4,/m/09x0r"
N_Hd5Ld_4Ms, 30, 40, "/m/07rgt08,/m/09x0r"
NabAJSZuKwI, 30, 40, "/m/07rgt08,/m/09x0r"
NcONXUDh5Vo, 70, 80, "/m/01j3sz,/m/07rgt08,/m/09x0r"
Ne39O0cSCpA, 30, 40, "/m/07rgt08,/m/09x0r"
NeP2FJ2Hxg4, 60, 70, "/m/07rgt08,/m/07s04w4,/m/09x0r"
NfAEXcoty7o, 3, 13, "/m/07rgt08,/m/09x0r"
Nk4k0_U-GTU, 160, 170, "/m/01j3sz,/m/02zsn,/m/07rgt08,/m/09x0r"
NlcoTbqLOaw, 30, 40, "/m/07rgt08,/m/09x0r"
NnXEpcBVpwY, 30, 40, "/m/07rgt08,/m/09x0r"
NrrbHWpROFM, 30, 40, "/m/07rgt08"
NryjtBZZIHs, 30, 40, "/m/01j3sz,/m/07rgt08,/m/07s04w4,/m/09x0r"
NzfJh_JrKHI, 90, 100, "/m/07rgt08,/m/09x0r,/t/dd00125"
O24JHcEUsKw, 10, 20, "/m/01j3sz,/m/07rgt08,/m/07s04w4,/m/09x0r"
OAv8M6JffT0, 170, 180, "/m/01j3sz,/m/07rgt08,/m/07s04w4,/m/07sq110,/m/09x0r"
OGxmbk9EPqI, 160, 170, "/m/04rlf,/m/04szw,/m/07rgt08,/m/09x0r"
OLJ1WWP8LV0, 50, 60, "/m/02cz_7,/m/07rgt08"
ON6lb_iPrlE, 90, 100, "/m/07rgt08,/m/09x0r"
ONiSypM9h2Y, 230, 240, "/m/07rgt08,/m/07rkbfh,/m/09x0r"
OS8kRX5WnSI, 10, 20, "/m/01j3sz,/m/02_nn,/m/07rgt08,/m/09x0r"
OTCqlm9dmtw, 30, 40, "/m/07rgt08,/m/07s04w4,/m/09x0r"
OTSNSA1XO1E, 0, 4, "/m/07rgt08"
OTwway6bXE4, 110, 120, "/m/07rgt08,/m/09x0r"
OVPcd8pTYjg, 180, 190, "/m/04rlf,/m/07rgt08,/m/09x0r"
OYSG4HwQu34, 30, 40, "/m/07rgt08,/m/09x0r"
OZELqIk9xAE, 30, 40, "/m/07rgt08,/m/07s04w4,/m/09x0r"
O_W--Nkmv9c, 30, 40, "/m/07rgt08,/m/09x0r"
OkA989YdFIg, 30, 40, "/m/07rgt08,/m/07s04w4,/m/09x0r"
OrA61gwCEJ4, 10, 20, "/m/01j3sz,/m/07rgt08,/m/07s04w4"
OryqOTjeJ4U, 120, 130, "/m/04rlf,/m/07rgt08,/m/09x0r"
OvJ8Cgu-xbY, 30, 40, "/m/01j3sz,/m/05zppz,/m/07pjwq1,/m/07rgt08,/m/09x0r"
P-r-Dzsgg10, 10, 20, "/m/07rgt08,/m/0ytgt"
P1-oIS_YByw, 30, 40, "/m/01j3sz,/m/07rgt08,/m/09x0r"
P2nxwHshab8, 30, 40, "/m/04rlf,/m/07rgt08,/m/09x0r"
P4Zw4l6Uw5E, 120, 130, "/m/07rgt08,/m/09x0r"
P4v6YLWLkB4, 230, 240, "/m/07rgt08,/m/09x0r,/m/0lyf6"
P8OtJZONnco, 30, 40, "/m/05zppz,/m/07rgt08,/m/09x0r"
PDjJILVcNGQ, 310, 320, "/m/01j3sz,/m/05zppz,/m/07rgt08,/m/09x0r"
PGZnRNndGjI, 70, 80, "/m/07rgt08"
PGj5BkUIdFM, 190, 200, "/m/04rlf,/m/07rgt08,/m/09x0r"
PIhQwqVmDLk, 30, 40, "/m/07rgt08,/m/09x0r"
PIm3cjxTpOk, 0, 10, "/m/01j3sz,/m/07rgt08"
PKLyjRw3LQ4, 20, 30, "/m/07rgt08,/m/0ytgt"
PWp0MdwlW6E, 120, 130, "/m/07rgt08,/m/09x0r"
PZ1jCV5xThk, 0, 7, "/m/07rgt08,/m/07s04w4,/m/09x0r,/t/dd00001"
PaSQoDiF9q4, 60, 70, "/m/07rgt08"
PgiVYe0HbNg, 290, 300, "/m/01j3sz,/m/07rgt08,/m/07s04w4,/m/09x0r"
Pk7kwh8X45c, 40, 50, "/m/07rgt08,/m/09x0r"
Pk8W4jz9kPs, 70, 80, "/m/07rgt08"
Po1MCZeB61U, 30, 40, "/m/07rgt08,/m/09x0r"
Pp6XcNYKdA4, 160, 170, "/m/07rgt08,/m/09x0r"
PszHbOIecQg, 30, 40, "/m/04rlf,/m/07rgt08,/m/07s04w4,/m/09x0r"
PtqHxRfy0Nk, 300, 310, "/m/07rgt08,/m/09x0r"
Pv1IX-DbFD8, 30, 40, "/m/07rgt08,/m/07s04w4,/m/09x0r"
PwAvLC_U6mw, 30, 40, "/m/07rgt08,/m/07s04w4,/m/09x0r"
PyDRvGF10jg, 30, 40, "/m/07rgt08,/m/07s04w4,/m/09x0r"
PzUKGheWq5s, 0, 10, "/m/01j3sz,/m/05zppz,/m/07rgt08,/m/07ryjzk,/m/09x0r"
Q0QweJ-e6no, 580, 590, "/m/07rgt08,/m/09x0r"
Q1dde1cLvrI, 30, 40, "/m/07rgt08,/m/07s04w4,/m/09x0r"
Q2bJV9GtLo0, 20, 30, "/m/07rgt08,/m/07s04w4,/m/09x0r"
Q6ayym4NCIw, 0, 10, "/m/04rlf,/m/04szw,/m/07rgt08"
Q816N0WJ214, 30, 40, "/m/01j3sz,/m/07rgt08,/m/09x0r"
Q8jcGXRJu5Y, 30, 40, "/m/07rgt08,/m/09x0r"
QEAXC5yT6aA, 30, 40, "/m/04rlf,/m/07rgt08,/m/09x0r"
QEmT8NWMZS0, 60, 70, "/m/01j3sz,/m/07rgt08,/m/09x0r"
QG-jlamB984, 30, 40, "/m/07rgt08"
QJ7hHTYH1is, 30, 40, "/m/07rgt08,/m/07s04w4"
QM-II8gdFCc, 100, 110, "/m/07rgt08,/m/09x0r"
QMBYQP3qq5Y, 50, 60, "/m/07rgt08,/m/07s04w4,/m/09x0r"
QMCypkZl2po, 30, 40, "/m/05zppz,/m/07rgt08,/m/09x0r"
QMJ1WXEaWAg, 30, 40, "/m/07rgt08,/m/09x0r"
QNQl9bgRxFc, 400, 410, "/m/01j3sz,/m/04rlf,/m/07rgt08,/m/09x0r"
QQzwyoU2EhM, 70, 80, "/m/01j3sz,/m/05zppz,/m/07rgt08,/m/09x0r"
QSSc_owx5tQ, 30, 40, "/m/07rgt08,/m/07s04w4"
QTRCw0xn6uc, 30, 40, "/m/07rgt08,/m/09x0r"
QTpB-CDakzY, 110, 120, "/m/04rlf,/m/07rgt08,/m/07s04w4,/m/09x0r"
QYcO_NK8gPs, 150, 160, "/m/02zsn,/m/07rgt08,/m/09x0r"
QZMT7FJZtRc, 360, 370, "/m/07rgt08,/m/0ytgt"
QaNfXjnGcG8, 20, 30, "/m/07rgt08,/m/09x0r"
QaxCHKknjWc, 30, 40, "/m/07rgt08,/m/09x0r"
QbO2RPTIRxI, 30, 40, "/m/07rgt08,/m/09x0r"
Qd3XSEMzIpE, 30, 40, "/m/04rlf,/m/07rgt08,/m/09x0r"
QgHOCFuRUY0, 14, 24, "/m/04rlf,/m/07rgt08,/m/09x0r"
QicVDfVRaUU, 30, 40, "/m/07rgt08,/m/07s04w4,/m/09x0r"
Qjo8CLX6bjc, 210, 220, "/m/07rgt08,/m/09x0r"
QlcjMEYl8sE, 30, 40, "/m/07rgt08,/m/07s04w4,/t/dd00001"
QntkYb7HLbk, 110, 120, "/m/07rgt08,/m/09x0r,/t/dd00125"
QqH-Tw2_5yE, 30, 40, "/m/04rlf,/m/07rgt08,/m/07s04w4"
QrJb7q65558, 30, 40, "/m/07rgt08,/m/09x0r"
QsSD-vXI2jw, 30, 40, "/m/07rgt08,/m/09x0r"
QvSoTeKT-jI, 20, 30, "/m/07rgt08,/m/09x0r"
QvUVNT7Vqd8, 450, 460, "/m/07r660_,/m/07rgt08"
QxzevgLLaMI, 510, 520, "/m/07rgt08,/m/07s04w4,/m/09x0r"
QyBw5IGi0kM, 30, 40, "/m/07rgt08"
QyQuUouIVXc, 30, 40, "/m/07rgt08"
R3SiRmZLFhc, 30, 40, "/m/07rgt08,/m/09x0r"
R3U_bjnVyHo, 30, 40, "/m/07rgt08,/m/07s04w4,/t/dd00001"
R4zXAafjvM4, 0, 10, "/m/03dnzn,/m/07rgt08,/m/0ytgt"
R5iucDgLH9A, 0, 5, "/m/07rgt08,/m/07s04w4"
R9pf4tsZgug, 530, 540, "/m/07rgt08,/m/09x0r"
RAiaRWxvaUg, 150, 160, "/m/07rgt08,/m/0ytgt"
RGncsDs9vXU, 30, 40, "/m/07rgt08,/m/09x0r"
RP-GL0e9K90, 20, 30, "/m/07rgt08,/m/09x0r"
RTPvz6DEWXc, 21, 31, "/m/07rgt08,/m/07s04w4"
RYx3XY9SBtI, 540, 550, "/m/07rgt08,/m/09x0r"
RbVtm-unojc, 0, 5, "/m/07rgt08,/m/07s04w4"
RdvwkEbrgfQ, 180, 190, "/m/07rgt08,/m/0ytgt"
RePLXLZyvGo, 130, 140, "/m/04rlf,/m/07rgt08,/m/07s8j8t,/m/09x0r"
Ret6C0SWnfc, 130, 140, "/m/07rgt08,/m/09x0r"
Rfv4A38BkcY, 18, 28, "/m/07rgt08,/m/07s04w4,/m/09x0r"
Ri0TmUVyCLE, 0, 10, "/m/07rgt08,/m/09x0r"
Rjtn67n-CEI, 4, 14, "/m/07rgt08,/m/09x0r"
RkyVnr5zlBY, 90, 100, "/m/015lz1,/m/04rlf,/m/07rgt08,/m/09x0r"
Rl8gLsg7d_0, 30, 40, "/m/01j3sz,/m/0261r1,/m/07r660_,/m/07rgt08,/m/09x0r,/m/0ytgt"
RmGGiQMURcQ, 22, 32, "/m/07rgt08,/m/07s04w4,/m/09x0r"
Rmj2w7GcOPA, 290, 300, "/m/04rlf,/m/07rgt08,/m/09x0r"
RmoVe1-FKOk, 30, 40, "/m/07rgt08,/m/09x0r"
RuYVUFUtOzA, 30, 40, "/m/07rgt08,/m/07s04w4,/m/09x0r"
Rx55i0IvDoM, 150, 160, "/m/07rgt08,/m/09x0r,/t/dd00125"
RxtxmO_HjNE, 340, 350, "/m/07rgt08,/m/09x0r"
S-AKvTAmWsM, 30, 40, "/m/07rgt08,/t/dd00001"
S-NJ5GMSmvc, 270, 280, "/m/07rgt08,/m/09x0r"
S9_iTCdBS-M, 30, 40, "/m/07rgt08,/m/09x0r"
SBArB0RGe5o, 130, 140, "/m/04rlf,/m/05lls,/m/07rgt08,/m/09x0r"
SCV6o1mfDOY, 40, 50, "/m/07rgt08,/m/07s04w4,/m/09x0r"
SEgZ753W2yA, 30, 40, "/m/07rgt08"
SHo3JpGtOkk, 480, 490, "/m/07rgt08,/m/09x0r"
SL30gbU5F3I, 80, 90, "/m/01j3sz,/m/07rgt08,/m/09x0r"
SU96mW7pLls, 30, 40, "/m/04rlf,/m/05zppz,/m/07rgt08,/m/09x0r"
SW-wBxAmjx4, 50, 60, "/m/07rgt08,/m/09x0r"
SYW7v21e5Lk, 30, 40, "/m/05zppz,/m/07rgt08,/m/09x0r"
S_E3v0UGo64, 30, 40, "/m/07rgt08,/m/07s04w4,/m/09x0r"
SdbopJIpiq0, 30, 40, "/m/07rgt08,/m/09x0r"
Sgo3iJvWzaE, 0, 9, "/m/07rgt08,/m/0c1dj"
SjiP218kVrQ, 10, 20, "/m/01j3sz,/m/07rgt08,/m/07yv9,/m/0k4j"
SqTd3KJndFY, 30, 40, "/m/04rlf,/m/07rgt08,/m/09x0r"
StYsz-V6Ve0, 0, 10, "/m/01j3sz,/m/07rgt08,/m/09x0r"
Su5CjXm7M3c, 30, 40, "/m/07rgt08,/m/07s04w4,/m/09x0r"
SuHiI-nCkZU, 17, 27, "/m/07rgt08,/m/07s04w4,/m/09x0r,/t/dd00001"
SusfA7SpV-A, 30, 40, "/m/04rlf,/m/07rgt08,/m/09x0r"
SyZJuAtKOQI, 30, 40, "/m/07rgt08,/m/07s04w4,/m/09x0r"
Sz2Y2f3ZYIs, 19, 29, "/m/07rgt08,/m/07s04w4"
T0o_XvH-JJs, 220, 230, "/m/07rgt08,/m/09x0r"
T1AzDcJqEx0, 110, 120, "/m/07rgt08,/m/09x0r,/m/0ytgt"
T2NPoOa2DKg, 10, 20, "/m/015lz1,/m/07rgt08,/m/09x0r"
T89y6lwH1Zg, 30, 40, "/m/04rlf,/m/07rgt08,/m/07s04w4,/m/09x0r,/t/dd00001"
TBZUDlM8flY, 30, 40, "/m/07rgt08"
THkCJSWzTs8, 90, 100, "/m/07rgt08,/m/09x0r"
TIX77_ZSboY, 120, 130, "/m/01j3sz,/m/07rgt08,/m/07s04w4"
TM9rc0zFmTc, 30, 40, "/m/05zppz,/m/07rgt08,/m/09x0r"
TNc8ilUZlDQ, 410, 420, "/m/07rgt08,/m/09x0r"
TQMQvgurnRw, 30, 40, "/m/07rgt08,/m/07s04w4,/m/09x0r"
TWXTQWx3q-s, 40, 50, "/m/01j3sz,/m/07rgt08,/m/07s04w4,/m/09x0r"
TWhJpU4e6qc, 30, 40, "/m/07rgt08,/m/09x0r"
TaMyZBtIbls, 140, 150, "/m/01j3sz,/m/07rgt08,/m/09x0r"
Tbeeql0Y59k, 30, 40, "/m/07rgt08,/m/07s04w4,/m/09x0r"
TkXeYWn4xaY, 0, 10, "/m/01j3sz,/m/07rgt08"
TqAqor4bqeg, 11, 21, "/m/07rgt08"
Tqd7YTwQAWs, 30, 40, "/m/04rlf,/m/07rgt08,/m/09x0r"
TucsxtZtbPc, 130, 140, "/m/07rgt08,/m/09x0r"
U2tiScLKvcU, 140, 150, "/m/04rlf,/m/07rgt08,/m/09x0r"
U3YigFH5bMs, 0, 10, "/m/01j3sz,/m/07rgt08,/m/09x0r"
U6eIWvDKllk, 30, 40, "/m/04rlf,/m/07rgt08,/m/09x0r"
U8wi7wiV0P4, 30, 40, "/m/07rgt08,/m/09x0r"
UBiXXoYiUN8, 40, 50, "/m/0261r1,/m/07rgt08"
UBnuXvoVclc, 30, 40, "/m/07rgt08,/m/09x0r"
UEfewQ0-YCM, 20, 30, "/m/07rgt08,/m/09x0r"
UGD2L8NvEwo, 140, 150, "/m/07rgt08,/m/09x0r"
URA2QIQ_ePY, 80, 90, "/m/07qz6j3,/m/07rgt08,/m/09x0r"
USoDJ44Y4OY, 40, 50, "/m/07rgt08"
UW6lG3wU6no, 0, 10, "/m/07rgt08,/m/09x0r"
UZuDGdr11Tg, 30, 40, "/m/05zppz,/m/07rgt08"
UbI1zPxYmxk, 280, 290, "/m/07rgt08,/m/09x0r"
Ug16xlJx3UI, 30, 40, "/m/04rlf,/m/07rgt08,/m/09x0r"
Ui1oGt8MlJA, 30, 40, "/m/07rgt08,/m/09x0r"
Uj9VLoPgAJw, 150, 160, "/m/01j3sz,/m/07rgt08,/m/09x0r"
Ujy8TOYFqb4, 0, 7, "/m/07rgt08,/m/07s04w4"
Ukkdum_jpdg, 30, 40, "/m/07rgt08,/m/09x0r"
Ukz9DzjY5vk, 30, 40, "/m/07rgt08,/m/09x0r"
UpwrbZmpcgY, 30, 40, "/m/07rgt08,/m/09x0r"
UqpgzTeqZUU, 450, 460, "/m/07rgt08,/m/07s04w4,/m/09x0r"
UrEcuHTzO3A, 270, 280, "/m/04rlf,/m/07rgt08,/m/09x0r"
UrcYNZInSdo, 180, 190, "/m/04rlf,/m/07rgt08,/m/07s04w4,/m/09x0r"
Urx-eh-6YLg, 0, 10, "/m/07rgt08,/m/09x0r,/t/dd00127"
UsYQwxgUTdI, 170, 180, "/m/07rgt08,/m/07s04w4,/m/09x0r"
Uu3aYu8h8KY, 10, 20, "/m/07rgt08,/m/0ytgt"
UvqeuergKDk, 30, 40, "/m/04rlf,/m/07rgt08,/m/09x0r"
UvqewMAOuTo, 100, 110, "/m/07rgt08,/m/09x0r"
V0JWJOp2u2Q, 30, 40, "/m/07rgt08,/m/07s04w4,/m/09x0r"
V3kaGAcAEDk, 30, 40, "/m/07rgt08"
V4icJSUGeYM, 30, 40, "/m/07rgt08,/m/07s04w4,/m/09x0r"
V5ai7_uFQDg, 90, 100, "/m/05tny_,/m/068hy,/m/07rgt08,/m/0bt9lr,/m/0jbk"
VCPACYIYqbI, 30, 40, "/m/07rgt08,/m/07s04w4,/m/09x0r"
VDJH2XWrk3g, 80, 90, "/m/07rgt08,/m/0ytgt"
VNgDjUKXD98, 30, 40, "/m/07rgt08,/m/07s04w4,/m/09x0r"
VODsvTur3Po, 50, 60, "/m/07rgt08,/m/07s04w4,/m/09x0r"
VPWDdoixoVI, 10, 20, "/m/01j3sz,/m/07rgt08,/m/09x0r,/t/dd00001"
VTCXfTq0qLE, 30, 40, "/m/03q5_w,/m/07rgt08,/m/09x0r"
VUdskIDRKFo, 30, 40, "/m/07rgt08,/m/07s04w4,/m/09x0r"
VWRn3YRHGAM, 70, 80, "/m/01h8n0,/m/02zsn,/m/07c52,/m/07rgt08,/m/09x0r"
VYfk9AY59dE, 30, 40, "/m/07rgt08,/m/07s04w4,/m/09x0r"
V_fOl0O_IPk, 220, 230, "/m/07rgt08"
VammZV6t5H4, 210, 220, "/m/07rgt08,/m/09x0r"
VbjcvD2YO6k, 380, 390, "/m/01j3sz,/m/07rgt08,/m/09x0r,/t/dd00125"
VcyyTUgZ2fQ, 110, 120, "/m/01j3sz,/m/02zsn,/m/03dnzn,/m/07rgt08,/m/07s04w4,/m/09x0r"
VdUlrxCJ0Tg, 60, 70, "/m/068zj,/m/07rgt08,/m/09x0r,/m/0jbk"
VeFQXpzZhwY, 100, 110, "/m/01j3sz,/m/07rgt08,/m/07sq110,/m/09x0r,/t/dd00001"
Ve_yL0i4wFg, 100, 110, "/m/07rgt08,/m/09x0r"
VebPCSlqAHY, 280, 290, "/m/01j3sz,/m/07rgt08,/m/09x0r"
VlW3ihByt5I, 13, 23, "/m/07rgt08,/m/09x0r"
VpE1iWOWL9o, 30, 40, "/m/07rgt08,/m/07s04w4,/m/09x0r"
W13DqrxBm9s, 370, 380, "/m/07rgt08"
W4HQIRe0Kn8, 0, 10, "/m/07rgt08,/m/09x0r"
W4zX2_hpNOU, 430, 440, "/m/07rgt08,/m/09x0r"
W5jD255HJMM, 540, 550, "/m/07rgt08,/m/09x0r"
W7LBe2JnZk4, 120, 130, "/m/01j3sz,/m/07rgt08,/m/09x0r"
WA74G58qF04, 30, 40, "/m/07rgt08,/m/09x0r"
WCd9EP-oxOo, 50, 60, "/m/01j3sz,/m/07rgt08,/m/07s04w4"
WCeiVNDg4pY, 30, 40, "/m/07rgt08,/t/dd00001"
WH1tc2FKVv4, 30, 40, "/m/04rlf,/m/07rgt08,/m/09x0r,/t/dd00001"
WKnUfD7Yldg, 30, 40, "/m/04rlf,/m/07rgt08,/m/07s04w4,/m/09x0r"
WWbOVIhEgUM, 6, 16, "/m/04rlf,/m/07rgt08,/m/07s04w4,/m/09x0r"
WXq3kj6Av-A, 580, 590, "/m/07r660_,/m/07rgt08"
WYbz54iBWF4, 20, 30, "/m/07rgt08,/m/09x0r"
Wa-MnZdcZF4, 20, 30, "/m/07rgt08,/m/07s04w4,/m/09x0r"
WaRNp7DL-mc, 30, 40, "/m/07rgt08"
Wbrv73gtKn4, 20, 30, "/m/01j3sz,/m/07rgt08,/m/09x0r"
WcbDuTvSIwo, 30, 40, "/m/07rgt08,/m/09x0r"
WcmqC_52404, 19, 29, "/m/07rgt08,/m/09x0r"
Wfzv-cabWLU, 20, 30, "/m/07rgt08"
Wpmy1XWWt_w, 0, 5, "/m/07rgt08,/m/07s04w4"
Wq04Kly8t-w, 130, 140, "/m/07rgt08,/m/07s04w4,/m/09x0r"
Wt2KfsDq204, 210, 220, "/m/01j3sz,/m/07rgt08,/m/09x0r"
WwANcZYV-m8, 30, 40, "/m/07rgt08,/m/09x0r"
WwxB_ovG-wM, 3, 13, "/m/07rgt08,/m/07s04w4"
Wx3VU6MhsGg, 30, 40, "/m/07rgt08,/m/07s04w4"
WxG0EDS9gGA, 30, 40, "/m/07rgt08,/m/09x0r"
WxPghkcuhuE, 20, 30, "/m/01j3sz,/m/02p3nc,/m/07rgt08,/m/09x0r"
Wz7gH-vI0ik, 30, 40, "/m/028ght,/m/07rgt08,/m/09x0r"
X91X7-PVfBY, 30, 40, "/m/07rgt08,/m/09x0r"
XAODliWJMeU, 40, 50, "/m/07jdr,/m/07rgt08,/m/07yv9,/m/09x0r"
XEuuMQQTms0, 150, 160, "/m/01j3sz,/m/07rgt08,/m/09x0r,/t/dd00125"
XFMoSsad3YI, 320, 330, "/m/07rgt08,/m/09x0r"
XJDq-e8g0W4, 30, 40, "/m/07rgt08,/m/09x0r,/t/dd00001"
XJQ03t-7kik, 24, 34, "/m/07rgt08,/m/07s04w4,/m/09x0r"
XNUFx1nSs3k, 30, 40, "/m/07rgt08,/m/07s04w4,/m/09x0r"
XPD0WgFfzXA, 20, 30, "/m/03q5_w,/m/07rgt08,/m/09x0r"
XQXjJ353Yho, 14, 24, "/m/07rgt08,/m/09x0r"
XRu6JJkkhto, 80, 90, "/m/01j3sz,/m/07rgt08,/m/09x0r"
XS2wQ4yUSgQ, 300, 310, "/m/07rgt08,/m/09x0r"
XTm2n99n6aM, 510, 520, "/m/07rgt08,/m/09x0r"
XVx-ocj-wJU, 30, 40, "/m/07rgt08,/m/09x0r"
XZnT6aLbe34, 0, 7, "/m/01j3sz,/m/0261r1,/m/07rgt08"
XuGaYYdtZEc, 30, 40, "/m/01j3sz,/m/0261r1,/m/07rgt08,/m/07sq110,/m/09x0r,/t/dd00125"
XwhhEtyGMzM, 0, 10, "/m/01j3sz,/m/07rgt08,/m/07s04w4,/m/09x0r"
Y-guH47Zq_k, 30, 40, "/m/07rgt08,/m/07s04w4,/m/09x0r"
Y4Kcn2gcFWc, 30, 40, "/m/07rgt08,/m/07s04w4,/m/09x0r"
Y4mkEBBENHo, 30, 40, "/m/07rgt08,/m/09x0r"
YAB37-pQbXs, 30, 40, "/m/07rgt08"
YBM4aFP11fQ, 30, 40, "/m/05zppz,/m/07rgt08,/m/09x0r"
YEJ38Kh27N4, 40, 50, "/m/04rlf,/m/07rgt08,/m/09x0r"
YIUa60aLoos, 30, 40, "/m/07rgt08,/m/07s04w4,/m/09x0r"
YJL4vEW0s0I, 30, 40, "/m/07rgt08,/m/07s04w4,/m/09x0r"
YKTAXQzbWzw, 30, 40, "/m/07rgt08,/m/09x0r"
YSKM5CT8gV8, 30, 40, "/m/0261r1,/m/0463cq4,/m/07rgt08"
YU1T92otSY0, 19, 29, "/m/04rlf,/m/07rgt08,/m/07s04w4,/m/09x0r"
Y_y9SQ7U6Kc, 20, 30, "/m/07rgt08,/m/09x0r"
YcgL5Pz5BSA, 0, 10, "/m/01j3sz,/m/07rgt08,/m/07s04w4"
Yf-8qd-lTMg, 40, 50, "/m/07rgt08,/m/0ytgt"
Yg8yr8pGwlE, 270, 280, "/m/07rgt08,/m/09x0r"
YlX1lY1RwhY, 30, 40, "/m/01j3sz,/m/07rgt08"
Yvpz4sG6nOU, 30, 40, "/m/07rgt08,/m/07s04w4,/m/09x0r,/t/dd00001"
Yxp6ClbMlhE, 120, 130, "/m/07rgt08,/m/09x0r"
Z1epa15Pzno, 30, 40, "/m/04rlf,/m/07rgt08,/m/07s04w4,/m/09x0r"
Z1zOTX3uKcw, 140, 150, "/m/01j3sz,/m/07rgt08,/m/09x0r"
Z4Cp4bSTwFQ, 80, 90, "/m/05zppz,/m/07rgt08,/m/09x0r"
Z9fZ9gg-KUE, 280, 290, "/m/07rgt08"
ZCXTEgvXJos, 20, 30, "/m/04rlf,/m/07rgt08,/m/07s04w4,/m/09x0r"
ZD1RKeEkKmI, 15, 25, "/m/07rgt08,/m/09x0r"
ZIWHrRKrbk4, 30, 40, "/m/05zppz,/m/07rgt08,/m/09x0r"
ZK_E8-Cq5sU, 90, 100, "/m/07rgt08,/m/07s04w4,/m/09x0r"
ZM4ncqS7USk, 11, 21, "/m/07rgt08,/m/07s04w4"
ZMdci4B8qsA, 0, 10, "/m/07rgt08"
ZV3eYs9K72Y, 0, 10, "/m/01j3sz,/m/03fwl,/m/07rgt08,/m/09x0r,/m/0jbk"
Z_e0BXqrMdo, 29, 39, "/m/07rgt08,/m/07s04w4"
Z_lDN8M80RY, 250, 260, "/m/04rlf,/m/07rgt08,/m/07s04w4,/m/09x0r,/t/dd00125"
ZatGvtKsLPI, 50, 60, "/m/07rgt08"
ZdMR28D9Bak, 30, 40, "/m/01j3sz,/m/07rgt08,/m/07s04w4,/m/09x0r"
Zd_b7mgsQKc, 27, 37, "/m/07rgt08,/m/09x0r"
Zdkf_F98IFs, 30, 40, "/m/04rlf,/m/07rgt08,/m/09x0r"
ZdnL9LMvJBw, 30, 40, "/m/07rgt08,/m/09x0r"
ZiACfMJ-nAQ, 0, 10, "/m/07rgt08,/m/09x0r"
ZiLrtELgMMY, 400, 410, "/m/07rgt08,/m/07s04w4,/m/09x0r"
ZiTjBwBNqsA, 30, 40, "/m/07rgt08,/m/09x0r"
Zl40BEeqlk8, 30, 40, "/m/07rgt08,/m/09x0r"
Zmw8B1QWfpg, 80, 90, "/m/07rgt08,/m/09x0r"
Zn-abVG9G3s, 320, 330, "/m/07rgt08,/m/09x0r"
Zw15c9YjZ-g, 120, 130, "/m/07rgt08,/m/07s04w4,/m/09x0r"
Zx4IjU4sPuY, 4, 14, "/m/07rgt08,/m/07s04w4,/m/09x0r"
_15dlj2QVmI, 110, 120, "/m/07rgt08,/m/09x0r"
_27-TpxbNLM, 290, 300, "/m/07rgt08,/m/09x0r"
_4HKv8Mhqyw, 60, 70, "/m/07rgt08,/m/09x0r"
_8TpsohGbQQ, 400, 410, "/m/01j3sz,/m/02p3nc,/m/07rgt08,/m/09x0r"
_D4kTqhXfew, 26, 36, "/m/07rgt08,/m/09x0r,/t/dd00001"
_DUtIl0iV-U, 30, 40, "/m/07rgt08,/m/09x0r"
_GW94FsECzI, 20, 30, "/m/03q5_w,/m/07rgt08,/m/09x0r"
_IjVZ50LcxE, 30, 40, "/m/07rgt08,/m/09x0r"
_Ks0V2OvQak, 30, 40, "/m/07rgt08,/m/09x0r"
_NDbOte9tZY, 50, 60, "/m/07rgt08,/m/07s04w4,/m/0ytgt"
_T2UDtIbtk0, 580, 590, "/m/04rlf,/m/07rgt08,/m/09x0r"
_Tx5bApuUsY, 220, 230, "/m/04rlf,/m/07rgt08,/m/09x0r,/t/dd00125"
_WjacGADtLE, 0, 10, "/m/07rgt08,/m/09x0r"
_YIr1VrAZIU, 30, 40, "/m/07rgt08,/m/09x0r"
_Ya9PYJRLmU, 22, 32, "/m/07rgt08,/m/07s04w4,/t/dd00001"
__0sM4LUoHs, 40, 50, "/m/07rgt08,/m/09x0r"
_ay9a1dSK40, 110, 120, "/m/01j3sz,/m/07rgt08,/m/09x0r"
_bjCXk9GP1Y, 180, 190, "/m/04rlf,/m/07rgt08,/m/09x0r"
_bnSWjeWnQs, 30, 40, "/m/07rgt08,/m/09x0r"
_eo2lCLyqSQ, 30, 40, "/m/04rlf,/m/07rgt08,/m/07s04w4,/m/09x0r"
_hqMVjMmI3c, 40, 50, "/m/04rlf,/m/07rgt08"
_lWJ5Raa9jc, 0, 2, "/m/04rlf,/m/07rgt08"
_s0IfY7yCb8, 70, 80, "/m/0261r1,/m/07rgt08"
_siCCC2og5A, 90, 100, "/m/07rgt08,/m/09x0r"
_xaiGyjjNdk, 200, 210, "/m/01j3sz,/m/07rgt08,/m/09x0r"
_zkfG4uVqA4, 110, 120, "/m/07rgt08,/m/09x0r"
a0UzyNFnU1w, 30, 40, "/m/04rlf,/m/07rgt08,/m/09x0r"
a1-F5RvaPYY, 40, 50, "/m/07rgt08,/m/09x0r"
a27E0mR7yOY, 30, 40, "/m/07rgt08,/m/07s04w4,/m/09x0r"
a2_Ty0966YM, 30, 40, "/m/07rgt08,/m/09x0r"
a3tPwSkr_I8, 20, 30, "/m/07rgt08,/m/09x0r"
a54FktpvivY, 200, 210, "/m/01j3sz,/m/07rgt08,/m/09x0r"
a72xyXbA6YI, 240, 250, "/m/01j3sz,/m/07rgt08,/m/09x0r"
aADZSIo4BuA, 30, 40, "/m/04rlf,/m/07rgt08,/m/07s04w4,/m/09x0r"
aFJ7W7cynYg, 90, 100, "/m/01j3sz,/m/07rgt08,/m/09x0r"
aHMbfcmGjpI, 60, 70, "/m/07rgt08,/m/09x0r"
aI8P0X1TwYM, 200, 210, "/m/07rgt08,/m/09x0r"
aLrGE1PXwvE, 30, 40, "/m/07rgt08,/m/09x0r"
aM_udRtQXAM, 30, 40, "/m/07rgt08,/m/07s04w4,/t/dd00001"
aO3PdEJSyWs, 100, 110, "/m/07rgt08,/m/09x0r"
aOwuwy7VZKE, 50, 60, "/m/04rlf,/m/07rgt08,/m/09x0r"
aS57BlmUq-Y, 30, 40, "/m/07rgt08,/m/09x0r"
aT3b4INWCAo, 30, 40, "/m/04rlf,/m/07rgt08"
aW6BP9ibcEE, 30, 40, "/m/04rlf,/m/07rgt08,/m/07s04w4,/m/09x0r"
aWn4BDWWYd4, 0, 10, "/m/01j3sz,/m/07rgt08,/m/09x0r"
a_8hdvvXGN8, 30, 40, "/m/07rgt08,/m/09x0r"
ab6s8RZTI2o, 100, 110, "/m/03dnzn,/m/07rgt08,/m/09x0r"
acr9RUaO2io, 40, 50, "/m/01j3sz,/m/07rgt08,/m/09x0r"
adjHMJceYBI, 250, 260, "/m/07rgt08,/m/09x0r"
ajoJp0eo6Kk, 30, 40, "/m/07rgt08,/m/07s04w4,/m/09x0r"
amIbdDjBVJY, 20, 30, "/m/01j3sz,/m/04rlf,/m/07rgt08,/m/09x0r"
aoNUCasKjoA, 30, 40, "/m/07rgt08"
apbjRRj-XGA, 10, 20, "/m/07rgt08"
arOcf_3MYPQ, 4, 14, "/m/07rgt08,/m/07s04w4,/m/09x0r"
atCz_-uic1c, 0, 10, "/m/07rgt08,/m/09x0r"
attJ6lO8jpM, 30, 40, "/m/07rgt08"
avSSJCEO9Vs, 50, 60, "/m/07rgt08,/m/09x0r"
ayIB3YflJEo, 30, 40, "/m/07rgt08,/m/09x0r"
azvDUDCEuOM, 20, 30, "/m/05zppz,/m/07rgt08,/m/07s04w4,/m/09x0r"
b3Ucx5JmMlw, 30, 40, "/m/07rgt08,/m/09x0r"
bAETe5ioJ30, 30, 40, "/m/04rlf,/m/07rgt08,/m/09x0r"
bFr5f4f-UR4, 570, 580, "/m/04rlf,/m/07rgt08,/m/09x0r"
bG1M2tqygjU, 10, 20, "/m/01j3sz,/m/07rgt08,/m/07s04w4,/m/09x0r,/m/0ytgt"
bGYeSUFHaCs, 30, 40, "/m/07rgt08,/m/07s04w4,/m/09x0r"
bKyN0o6vHPM, 30, 40, "/m/07rgt08"
bNv7ZFfJezQ, 30, 40, "/m/07rgt08,/m/07s04w4,/m/09x0r"
bQwrVf4f_Zo, 100, 110, "/m/07rgt08,/m/09x0r"
bTvnntIgrVQ, 30, 40, "/m/07rgt08,/t/dd00001"
bUTY_c6S3VI, 30, 40, "/m/07rgt08"
bVPUj42HS90, 490, 500, "/m/07rgt08,/m/09x0r"
bWb7maOK2N4, 50, 60, "/m/01j3sz,/m/07rgt08,/m/09x0r,/t/dd00125"
b_lTB8FPffk, 20, 30, "/m/07rgt08,/m/09x0r,/t/dd00001"
bdCPo2GAXSE, 30, 40, "/m/07rgt08,/m/09x0r"
bgYoWcUZmDM, 490, 500, "/m/07rgt08,/m/07s04w4,/m/09x0r"
bjH-ahdq8M8, 40, 50, "/m/07rgt08,/m/07s04w4,/m/09x0r"
bjyb-zmmDJo, 130, 140, "/m/04rlf,/m/07rgt08"
blSUaafmRW8, 1, 11, "/m/07rgt08,/m/09x0r"
bv-D6HE5lIs, 30, 40, "/m/07rgt08,/m/09x0r"
bwrvVDnCXFE, 30, 40, "/m/07rgt08,/m/07s04w4,/m/09x0r,/t/dd00001"
bx6qkX-UJD8, 380, 390, "/m/07rgt08,/m/09x0r"
c0-asX2FuPk, 30, 40, "/m/07rgt08"
c0Cg4W5SxJg, 40, 50, "/m/07rgt08,/m/09x0r"
c0V_HAul7rI, 30, 40, "/m/01j3sz,/m/07rgt08,/m/09x0r"
c23CwGp8Swg, 250, 260, "/m/07rgt08,/m/09x0r"
c27Lqf8-oas, 190, 200, "/m/07rgt08,/m/09x0r"
c34t3GqaYTU, 540, 550, "/m/07rgt08,/m/09x0r"
c4_AaYfdxMI, 0, 10, "/m/02p3nc,/m/07rgt08,/m/09x0r"
c7XLVNd99fU, 70, 80, "/m/07rgt08"
c810xLbgiFk, 28, 38, "/m/07rgt08,/m/07s04w4,/m/09x0r"
c9-ilanl8dg, 30, 40, "/m/07rgt08,/m/09x0r"
cBiCs2Hu_C0, 270, 280, "/m/04rlf,/m/07rgt08,/m/09x0r"
cDwleRigKMM, 0, 9, "/m/07rgt08,/m/07s04w4"
cEczuhBMqTk, 5, 15, "/m/04rlf,/m/07rgt08"
cFjdY5KkcxU, 200, 210, "/m/07rgt08,/m/09x0r"
cGIKpg3d25U, 10, 20, "/m/01j3sz,/m/07rgt08,/m/09x0r"
cIkZTwi6h5I, 90, 100, "/m/07rgt08,/m/07s04w4,/m/09x0r,/m/0ytgt"
cLFSpQXS9Mw, 220, 230, "/m/01j3sz,/m/07rgt08,/m/09x0r"
cOugH8yZzyU, 90, 100, "/m/04rlf,/m/07rgt08,/m/09x0r"
cQDkTb3VrqA, 150, 160, "/m/01j3sz,/m/07rgt08,/m/07s04w4,/m/09x0r"
cSn8zhk2wHg, 2, 12, "/m/07rgt08"
cUWjUGy_y0M, 30, 40, "/m/07rgt08,/m/09x0r"
cV42MqVKNZs, 130, 140, "/m/015lz1,/m/07rgt08"
cVRg6u0sXkg, 20, 30, "/m/07rgt08,/m/09x0r"
ceXvacxjDVg, 100, 110, "/m/01j3sz,/m/04rlf,/m/07rgt08,/m/07s04w4,/m/09x0r,/t/dd00125"
cgaIBbeRLjY, 130, 140, "/m/07rgt08,/m/09x0r"
chZLeOb9DUI, 30, 40, "/m/05zppz,/m/07rgt08,/m/09x0r"
ciF042MLvz0, 20, 30, "/m/0261r1,/m/07r660_,/m/07rgt08,/m/07sq110"
cjwLaIZUw4o, 30, 40, "/m/04rlf,/m/07rgt08"
ckFSnFgSJ-A, 230, 240, "/m/07rgt08,/m/09x0r,/t/dd00126"
cnu1wM-sb5g, 0, 10, "/m/07rgt08,/m/09x0r"
cuBsjHHg5jE, 30, 40, "/m/0261r1,/m/07rgt08,/m/0ytgt"
cuzhajQfvrw, 30, 40, "/m/07rgt08,/m/07s04w4,/m/09x0r"
czZwP6lEfs8, 430, 440, "/m/07rgt08,/m/09x0r"
d0VnBP36O9w, 70, 80, "/m/01j3sz,/m/04rlf,/m/07rgt08,/m/07s04w4,/m/09x0r"
d1Y632XO-6k, 220, 230, "/m/07rgt08,/m/0ytgt"
d3nNOkKIBbQ, 30, 40, "/m/07rgt08,/m/09x0r"
d8U0js8YANI, 70, 80, "/m/01j3sz,/m/07rgt08,/m/07s04w4,/m/09x0r"
dHwXCP-W_Go, 30, 40, "/m/07rgt08,/m/09x0r"
dIGZsvCmwoM, 10, 20, "/m/01j3sz,/m/07rgt08,/m/09x0r,/t/dd00126"
dK1GZ9Nd8g0, 30, 40, "/m/05zppz,/m/07rgt08,/m/09x0r"
dKR01PEdsN4, 6, 16, "/m/07rgt08,/m/07s04w4,/m/09x0r"
dLGETnvrxHY, 20, 30, "/m/01j3sz,/m/07rgt08,/m/09x0r,/m/0ytgt"
dMswpHc5-CY, 380, 390, "/m/04rlf,/m/07rgt08,/m/09x0r,/t/dd00126"
dPzPZ3vLNgE, 140, 150, "/m/07rgt08,/m/07s04w4,/m/09x0r"
dQ13gKswNSU, 30, 40, "/m/07rgt08,/m/09x0r"
dVewOyEszr8, 50, 60, "/m/01j3sz,/m/07rgt08,/m/09x0r"
dVuW05KvzA8, 250, 260, "/m/07rgt08,/m/0ytgt"
dWnTyIPNI-A, 30, 40, "/m/07rgt08"
dZH7UVr0DXY, 30, 40, "/m/07rgt08,/m/07s04w4,/m/09x0r"
dgcGstWPfgI, 90, 100, "/m/01j3sz,/m/04rlf,/m/07rgt08,/m/09x0r"
dgss8fMc3tw, 30, 40, "/m/07rgt08,/m/09x0r"
dhUZ5u-zeoM, 10, 20, "/m/01j3sz,/m/07r660_,/m/07rgt08,/m/07sq110,/m/09x0r,/t/dd00126"
dlgnVkYl9mI, 10, 20, "/m/01j3sz,/m/04rlf,/m/07rgt08,/m/09x0r"
du11NAJvIyQ, 0, 10, "/m/07rgt08,/m/09x0r"
dzsLGWdhwSA, 30, 40, "/m/07rgt08,/m/09x0r"
e1QAr6JioSc, 30, 40, "/m/07rgt08,/m/09x0r"
e5ZUJWQJ9A4, 330, 340, "/m/01j3sz,/m/07rgt08,/m/09x0r,/m/0l15bq"
eFrSaQbbRFU, 230, 240, "/m/07rgt08,/m/0ytgt"
eI4hFJFiWSg, 30, 40, "/m/07rgt08,/m/09x0r"
eNmNBEufhqY, 10, 20, "/m/07rgt08"
eORQVKEEP-I, 10, 20, "/m/07rgt08"
eQiossnV_E4, 10, 20, "/m/01j3sz,/m/07rgt08,/m/09x0r"
eR3r2cnzb1g, 30, 40, "/m/04rlf,/m/07rgt08,/m/09x0r"
eagPZ_x3WIE, 140, 150, "/m/04rlf,/m/07rgt08,/m/07s04w4,/m/09x0r"
edUn1lUWCa4, 80, 90, "/m/07rgt08,/m/07s04w4"
ee-HDPGJDR0, 20, 30, "/m/01j3sz,/m/07rgt08,/m/07s04w4,/m/09x0r"
eexRPQwz2GM, 20, 30, "/m/05zppz,/m/07rgt08,/m/09x0r"
eoNj4u9HpcM, 30, 40, "/m/04rlf,/m/07rgt08"
eqOD_60nLOI, 30, 40, "/m/07rgt08,/t/dd00001"
eqOjnZ2Wro0, 30, 40, "/m/07rgt08,/m/07s04w4,/m/09x0r"
ezK9k18Q3og, 20, 30, "/m/07r660_,/m/07rgt08,/m/07s04w4,/m/0ytgt"
f0zPpf1kFQA, 30, 40, "/m/07rgt08,/m/09x0r"
f22Y0Ev7qNU, 17, 27, "/m/07rgt08,/m/09x0r"
f4JEP6AIKFE, 30, 40, "/m/07rgt08,/m/07s04w4,/m/09x0r"
f5GZGSOb0vQ, 50, 60, "/m/07rgt08,/m/07s04w4,/m/09x0r"
f6K5Leu_vW0, 30, 40, "/m/07rgt08"
f6OhmrIdB-g, 30, 40, "/m/07rgt08,/m/07s04w4,/m/09x0r"
f7BUYmteMg4, 260, 270, "/m/07rgt08,/m/09x0r"
fAqf-uCyT2c, 30, 40, "/m/07rgt08,/m/09x0r"
fCOGueSYxME, 30, 40, "/m/04rlf,/m/07rgt08,/m/09x0r"
fDa3PMveVOE, 60, 70, "/m/07rgt08,/m/09x0r"
fDgC2D_ygMg, 30, 40, "/m/07rgt08,/m/07s04w4,/m/09x0r"
fIDiZHrTy_I, 80, 90, "/m/07rgt08,/m/09x0r,/t/dd00125"
fIXziy4uYao, 20, 30, "/m/07rgt08,/m/09x0r"
fK4QBQZ6i7w, 290, 300, "/m/01j3sz,/m/07rgt08,/m/07s04w4"
fLAumeR36zQ, 30, 40, "/m/07rgt08,/m/09x0r"
fNWRvRqZGNc, 410, 420, "/m/07rgt08,/m/09x0r"
fQGQN4uZs5E, 340, 350, "/m/07rgt08,/m/09x0r"
fQOJDNDPGWM, 280, 290, "/m/07rgt08,/m/09x0r"
fSaLoupmC98, 0, 10, "/m/01j3sz,/m/04rlf,/m/07rgt08,/m/07s04w4,/m/09x0r"
fTSYBUbQXzo, 30, 40, "/m/07rgt08,/m/07s04w4"
fVCJI7DpJlA, 30, 40, "/m/07rgt08,/m/07s04w4"
fVrjCJK0do0, 30, 40, "/m/07rgt08,/m/07s04w4,/m/09x0r"
fXTqFPbWZf0, 0, 10, "/m/01j3sz,/m/04rlf,/m/07rgt08,/m/07s04w4,/m/09x0r"
fXYGRDeILRk, 110, 120, "/m/07rgt08"
fZpo0Y14UwU, 30, 40, "/m/01j3sz,/m/068hy,/m/07rgt08,/m/09x0r,/m/0bt9lr,/m/0jbk"
fajYvdnxWps, 30, 40, "/m/07rgt08"
fbWXkpO8m3Y, 30, 40, "/m/04rlf,/m/07rgt08,/m/09x0r"
fbWtQ2GWKDk, 0, 3, "/m/07rgt08,/m/0c1dj"
fhDrZf9QZOk, 180, 190, "/m/07r660_,/m/07rgt08"
fk4pL8x9jLo, 240, 250, "/m/01j3sz,/m/07rgt08,/m/07s04w4,/m/09x0r"
fl4vi9x9acs, 30, 40, "/m/07rgt08,/m/09x0r"
fooPH6tQN6g, 30, 40, "/m/07rgt08,/m/07s04w4,/m/09x0r"
fpW_dmq0dhI, 270, 280, "/m/07rgt08,/m/07s04w4,/m/09x0r"
fquNFl55NBA, 9, 19, "/m/07rgt08,/m/09x0r"
fs5tsjrXKuY, 30, 40, "/m/07rgt08"
fuIWdVOdOsk, 30, 40, "/m/07rgt08"
g-t2t6oBmrI, 70, 80, "/m/07rgt08"
g0Y0ZTqPuWs, 350, 360, "/m/07rgt08,/m/0ytgt"
g3FuSch-rkg, 130, 140, "/m/07rgt08,/m/09x0r"
g7lHjmC-NRQ, 30, 40, "/m/04rlf,/m/07rgt08"
g7o6edjOe_s, 30, 40, "/m/07rgt08,/m/09x0r"
g8Xvbp3CjSg, 130, 140, "/m/07rgt08,/m/09x0r"
g8hljECTrk0, 30, 40, "/m/07rgt08,/m/09x0r"
gARmdkNnzGE, 190, 200, "/m/01j3sz,/m/07rgt08,/m/07s04w4,/m/09x0r,/m/0ytgt"
gElC18rv_44, 30, 40, "/m/07rgt08"
gEripxXVCG8, 30, 40, "/m/07rgt08,/m/07s04w4,/m/09x0r"
gH2-5OHlkkg, 10, 20, "/m/07rgt08,/m/09x0r"
gL26mq5sgC8, 30, 40, "/m/04rlf,/m/07rgt08,/m/07s04w4,/m/09x0r"
gLzQdo7-P2k, 10, 20, "/m/07rgt08,/m/09x0r"
gR7Cr9Z0KGo, 20, 30, "/m/04rlf,/m/05pd6,/m/074ft,/m/07rgt08"
gT5iFIS7beo, 10, 20, "/m/07rgt08,/m/0ytgt"
gWktZtjH_Ks, 30, 40, "/m/07rgt08,/m/09x0r"
g_Z2w6mvjbA, 30, 40, "/m/01j3sz,/m/07rgt08,/m/09x0r"
gbKvgcqJtT4, 30, 40, "/m/07rgt08"
gbPlGnBmAxo, 30, 40, "/m/07rgt08"
geW6VB7eC90, 130, 140, "/m/01j3sz,/m/07rgt08,/m/09x0r"
ggOXK8CcEys, 0, 3, "/m/07rgt08,/m/09x0r"
gh7WHTnX9mI, 90, 100, "/m/07rgt08,/m/07s04w4,/m/09x0r"
gnUtSG7wD4U, 20, 30, "/m/07rgt08,/m/09x0r"
gpcsZWUmi44, 30, 40, "/m/07rgt08,/m/09x0r"
gq7ZBPNN2yQ, 500, 510, "/m/05zppz,/m/07rgt08,/m/09x0r"
grcTexblerg, 10, 20, "/m/01j3sz,/m/02zsn,/m/04rlf,/m/07rgt08,/m/09x0r"
gtkNVuo19rk, 30, 40, "/m/07rgt08,/m/09x0r"
guvnNwCkhcs, 30, 40, "/m/07rgt08,/m/07s04w4"
gwgbIcXEFVM, 20, 30, "/m/04rlf,/m/07rgt08,/m/08cyft"
gymCdOSCU2w, 130, 140, "/m/07rgt08,/m/09x0r"
h3omZguBitg, 20, 30, "/m/01j3sz,/m/02p3nc,/m/07rgt08,/m/09x0r"
h4GjiZNqDqw, 30, 40, "/m/07rgt08,/m/09x0r"
h5u5mlCTeMY, 110, 120, "/m/07rgt08,/m/07sq110"
h6AWxH5yZu0, 30, 40, "/m/07rgt08,/t/dd00001"
hLV0CNMNm_g, 30, 40, "/m/07rgt08,/m/09x0r"
hMc9lWEkOGE, 480, 490, "/m/02zsn,/m/07rgt08,/m/09x0r"
hMrESrAMqk0, 30, 40, "/m/07rgt08,/m/09x0r"
hOfRuSw28l4, 40, 50, "/m/0261r1,/m/07rgt08,/m/07sq110"
hQgVw1XOyKw, 40, 50, "/m/07rgt08,/m/09x0r"
hRNSTaxluNk, 430, 440, "/m/01j3sz,/m/04rlf,/m/07rgt08,/m/09x0r"
hTnQNEYSrAE, 30, 40, "/m/07rgt08,/m/09x0r"
hVOEesEabN8, 30, 40, "/m/07rgt08,/m/07s04w4,/m/09x0r"
hW-xRfn_E24, 80, 90, "/m/07rgt08,/m/09x0r"
hYRPxAli0qQ, 30, 40, "/m/02p3nc,/m/07rgt08,/m/09x0r"
hb9MFx_of-0, 30, 40, "/m/07rgt08,/m/07s04w4,/m/09x0r,/t/dd00001"
hd9yQOUzrB4, 130, 140, "/m/07rgt08,/m/09x0r"
heCCwpa4wTI, 0, 10, "/m/01j3sz,/m/07rgt08,/m/09x0r"
hfmhi_EqtfA, 110, 120, "/m/07rgt08,/m/09x0r"
hho1lWBpmY4, 30, 40, "/m/07rgt08,/m/09x0r"
hmqHKLHLJ8E, 21, 31, "/m/07rgt08,/m/09x0r,/t/dd00001"
hndeFPhEshY, 30, 40, "/m/07rgt08,/m/09x0r"
hpBRerDG3QY, 120, 130, "/m/01j3sz,/m/0261r1,/m/07rgt08,/m/09x0r,/t/dd00125"
hq5YMyeny84, 30, 40, "/m/04rlf,/m/07rgt08,/m/09x0r,/m/0ggq0m"
htmuNeT0_8M, 11, 21, "/m/07rgt08,/m/07s04w4"
htob0rTibUk, 330, 340, "/m/04rlf,/m/07rgt08,/m/09x0r"
hubKA7ohW9Q, 10, 20, "/m/028ght,/m/07rgt08,/m/09x0r,/m/0dl9sf8"
hwa8-_avXeU, 330, 340, "/m/04rlf,/m/07rgt08,/m/09x0r"
hzL1yxOkiOc, 30, 40, "/m/07rgt08,/m/09x0r"
i1Ppn7Zq_zc, 30, 40, "/m/07rgt08,/m/07s04w4,/m/09x0r"
i3cQ0amXtCw, 30, 40, "/m/07rgt08"
i4wrdaq0stM, 30, 40, "/m/07rgt08,/m/07s04w4"
i5Z22Qw5_vc, 30, 40, "/m/07rgt08,/m/09x0r"
i6V7tlzE5m4, 90, 100, "/m/07rgt08,/m/09x0r"
iAb44Sxde64, 30, 40, "/m/07rgt08,/m/07s04w4,/m/09x0r"
iIyyO97sDak, 181, 191, "/m/04rlf,/m/07rgt08"
iK9t1zYxPqk, 0, 10, "/m/0261r1,/m/07rgt08"
iLIR8xbxu64, 30, 40, "/m/07rgt08,/m/07s04w4"
iMSMvQWI2P4, 30, 40, "/m/04rlf,/m/07rgt08,/m/09x0r"
iR-QM7RA-4c, 30, 40, "/m/07rgt08,/m/09x0r"
iRDym_9m2f0, 110, 120, "/m/01j3sz,/m/02zsn,/m/07rgt08,/m/09x0r"
iS6_ANXasuY, 40, 50, "/m/01j3sz,/m/07rgt08"
i_OQTHZmkRE, 220, 230, "/m/01j3sz,/m/07rgt08,/m/09x0r"
iaGeGqCEsJI, 30, 40, "/m/07rgt08,/t/dd00001"
imMV35JSALg, 30, 40, "/m/04rlf,/m/07rgt08"
iwZ28tzXKRk, 30, 40, "/m/07rgt08"
ix2F61JGDPY, 30, 40, "/m/04rlf,/m/07rgt08,/m/07s04w4"
iy_5QS27q_A, 160, 170, "/m/01j3sz,/m/07rgt08,/m/07s04w4,/m/07sq110,/m/09x0r"
j0OGlEANzLQ, 380, 390, "/m/07rgt08,/m/07s04w4,/m/09x0r"
j37CuNVfNXU, 0, 10, "/m/0342h,/m/042v_gx,/m/04rlf,/m/04szw,/m/07rgt08,/m/09x0r,/m/0fx80y"
j4mus3ABXJ8, 150, 160, "/m/07rgt08,/m/09x0r"
j5Hv6xZP9lY, 230, 240, "/m/07rgt08,/m/09x0r"
j7VReQM53hg, 30, 40, "/m/07rgt08,/m/07s04w4,/m/09x0r"
j8UVfQjK9Tg, 50, 60, "/m/07rgt08,/m/09x0r"
jBG8qw_2KvE, 120, 130, "/m/01j3sz,/m/07rgt08,/m/07s04w4,/m/09x0r"
jBYNhNY-VUI, 30, 40, "/m/07rgt08,/m/09x0r"
jLTxmaVmVSc, 520, 530, "/m/07rgt08,/m/07s04w4,/m/09x0r"
jNcWiNP8A2s, 30, 40, "/m/07rgt08,/m/09x0r"
jV70619Ji1k, 30, 40, "/m/04rlf,/m/07rgt08,/m/09x0r"
jWq34q5dujo, 80, 90, "/m/01j3sz,/m/07rgt08,/m/07s04w4,/m/09x0r"
jaG_-A_vLB0, 30, 40, "/m/07rgt08"
jlAbcpGBA6w, 30, 40, "/m/07rgt08,/m/09x0r"
jo0IIkmCdhw, 30, 40, "/m/07rgt08,/m/09x0r"
jsw3T6GY2Nw, 30, 40, "/m/07rgt08,/m/09x0r"
ju1sNgklH2M, 30, 40, "/m/07rgt08,/m/09x0r"
jwTDBf7WFDA, 560, 570, "/m/07rgt08,/m/07s04w4,/m/09x0r"
jxLq3DKS3BQ, 50, 60, "/m/01j3sz,/m/07rgt08,/m/09x0r"
jxg2vEmh6NI, 30, 40, "/m/04rlf,/m/07rgt08,/m/07s04w4,/m/09x0r"
jyAVwXhbR5g, 30, 40, "/m/07rgt08,/t/dd00001"
jzSfx_iO63Y, 430, 440, "/m/04rlf,/m/07rgt08,/m/09x0r"
k-yl0_6QM5M, 30, 40, "/m/01j3sz,/m/04rlf,/m/07rgt08"
k1KzGLorCFs, 40, 50, "/m/01j3sz,/m/07rgt08,/m/07s04w4,/m/09x0r"
k2ehUNirfP0, 40, 50, "/m/02zsn,/m/07rgt08,/m/09x0r"
k6K-weUObPM, 110, 120, "/m/01j3sz,/m/07rgt08,/m/09x0r"
k88r3zjb7g4, 30, 40, "/m/07rgt08,/m/07s04w4,/m/09x0r"
kCBe2AGi3og, 10, 20, "/m/04rlf,/m/07rgt08,/m/07s04w4,/m/09x0r"
kD090VcrKjI, 30, 40, "/m/07rgt08,/m/07s04w4,/m/09x0r"
kDCk3hLIVXo, 60, 70, "/m/07rgt08"
kI-Fciy3u6M, 160, 170, "/m/07rgt08,/m/07s04w4,/m/09x0r"
kInl1lquBpA, 30, 40, "/m/07rgt08,/m/09x0r,/t/dd00001"
kLdAj93fuCg, 100, 110, "/m/07rgt08,/m/09x0r,/m/0ytgt"
kM0U_K6lyfI, 30, 40, "/m/07rgt08,/m/09x0r"
kPeuZwlaSkY, 30, 40, "/m/07rgt08,/m/09x0r"
kTgap5MSkaw, 30, 40, "/m/04rlf,/m/07rgt08"
kXXge_xTSQo, 0, 10, "/m/07rgt08,/m/09x0r"
kY9d7K4MXDw, 2, 12, "/m/04rlf,/m/07rgt08,/m/07s04w4,/m/09x0r"
kZ4BdR5PybA, 30, 40, "/m/07rgt08,/m/09x0r"
kaz1KrVOFNM, 40, 50, "/m/07rgt08"
kcJBDezqx2U, 10, 20, "/m/01j3sz,/m/07rgt08,/m/09x0r"
kfNh-2kI3EE, 30, 40, "/m/07rgt08,/m/07s04w4,/m/09x0r"
khWH1gdw1iM, 30, 40, "/m/07rgt08,/m/09x0r"
kk9DM5ZbcAA, 30, 40, "/m/07rgt08"
klFA6uACNpI, 30, 40, "/m/07rgt08,/m/09x0r"
klsCc9vGvqs, 40, 50, "/m/01j3sz,/m/07rgt08,/m/09x0r,/m/0ytgt"
kmvs4OZDqFM, 30, 40, "/m/07rgt08,/m/09x0r"
knYJFn4hPeU, 30, 40, "/m/07rgt08"
knz4y2DuwFA, 0, 10, "/m/07rgt08,/m/09x0r"
ktbMfk3tzqY, 60, 70, "/m/07rgt08,/m/09x0r"
l25fd7MsGOg, 40, 50, "/m/07rgt08,/m/09x0r"
l61BvofKqiI, 30, 40, "/m/07rgt08,/m/07s04w4,/m/09x0r"
l7D8PvFCLd0, 30, 40, "/m/07rgt08,/m/07s04w4,/m/09x0r"
lB2Xt9P6ZxQ, 30, 40, "/m/07rgt08,/m/09x0r"
lGMb-VuWid4, 290, 300, "/m/07rgt08,/m/09x0r"
lGhZsafHtKM, 50, 60, "/m/07r660_,/m/07rgt08"
lH2s6mj3jBE, 30, 40, "/m/07rgt08,/m/09x0r"
lI0imzWmGo8, 30, 40, "/m/07rgt08,/m/09x0r"
lLaBlDbjcnU, 0, 10, "/m/07rgt08,/m/09x0r"
lRj1EFLICsk, 30, 40, "/m/07rgt08,/m/09x0r"
lTN3L_6_YeM, 30, 40, "/m/07rgt08,/m/09x0r"
lVUNhyor384, 18, 28, "/m/07rgt08,/m/09x0r"
lZ184mggKtE, 30, 40, "/m/07rgt08,/m/09x0r"
lcdOvmsdGDI, 110, 120, "/m/07rgt08,/m/09x0r"
lj6lxr3P6vs, 90, 100, "/m/07rgt08"
lkeAY5br9E4, 290, 300, "/m/01j3sz,/m/07rgt08,/m/07s04w4,/m/09x0r"
llsW_m5TnvQ, 100, 110, "/m/07rgt08,/m/09x0r"
lm1hg7-G7jI, 30, 40, "/m/07rgt08,/m/09x0r"
loxlfnqr18A, 30, 40, "/m/05zppz,/m/07rgt08,/m/09x0r"
lpwGlmTnPTs, 40, 50, "/m/01j3sz,/m/07rgt08,/m/09x0r"
lpwx62dVdjc, 280, 290, "/m/07rgt08,/m/07s04w4,/m/09x0r"
lqeHb_00T1A, 30, 40, "/m/07rgt08,/m/07s04w4,/m/09x0r"
lrOISIMtHXg, 30, 40, "/m/07rgt08,/m/07s04w4"
luUp1v1wJoI, 70, 80, "/m/07rgt08,/m/09x0r"
lwZBkArw3JU, 30, 40, "/m/07rgt08,/m/07s04w4,/m/09x0r"
ly8tik9tmQI, 270, 280, "/m/07rgt08,/m/09x0r"
m78FLtzht9Y, 90, 100, "/m/01j3sz,/m/07rgt08,/m/07s04w4,/m/09x0r"
m85-T4oTeMY, 530, 540, "/m/07rgt08,/m/07s04w4,/m/09x0r"
mFxbRpO26yc, 10, 20, "/m/07rgt08,/m/09x0r"
mJo_u5KPNMM, 330, 340, "/m/01j3sz,/m/04rlf,/m/07rgt08,/m/09x0r,/t/dd00126"
mRIyBrKZL8s, 0, 2, "/m/07rgt08,/m/0c1dj"
mRcZIZpDVAw, 230, 240, "/m/07rgt08,/m/09x0r"
mSTHICFPkv8, 0, 10, "/m/07rgt08,/m/07s04w4,/m/09x0r"
mTdYythI2c0, 360, 370, "/m/015lz1,/m/04rlf,/m/07rgt08,/m/07s04w4,/m/09x0r,/m/0glt670"
mVRE2rICraI, 30, 40, "/m/07rgt08,/m/09x0r"
md7xTbR_qdY, 110, 120, "/m/07rgt08,/m/09x0r"
mdVQ_P6Du0s, 30, 40, "/m/07rgt08,/m/09x0r"
mdtrlaU3YCw, 30, 40, "/m/07rgt08,/m/07s04w4"
meDyR-DjE80, 110, 120, "/m/05zppz,/m/07rgt08,/m/09x0r"
mfgN_hzVLXw, 110, 120, "/m/07r660_,/m/07rgt08"
mhfbL1nF32g, 30, 40, "/m/07rgt08,/m/07s04w4"
mn3JTlQG3Ic, 20, 30, "/m/07rgt08"
mo2qyrKFTEU, 30, 40, "/m/07rgt08,/m/09x0r"
mrLnNUCJ34A, 30, 40, "/m/07rgt08,/m/07s04w4,/m/09x0r"
mvzbLxHh4OY, 470, 480, "/m/07rgt08,/m/09x0r"
mzKUqN4vH3k, 30, 40, "/m/01j3sz,/m/07rgt08,/m/09x0r"
n0OqNIRRPXM, 30, 40, "/m/07rgt08,/m/09x0r"
n3B7NvogM48, 30, 40, "/m/07rgt08,/m/07s04w4,/m/09x0r"
n3g4dFAoE7A, 90, 100, "/m/07rgt08,/m/07s04w4,/m/09x0r"
nAvZeDrraUs, 30, 40, "/m/07rgt08,/m/09x0r"
nAxo8JCyIew, 230, 240, "/m/07rgt08,/m/09x0r"
nCK3mpNLv2k, 200, 210, "/m/02zsn,/m/07rgt08,/m/09x0r"
nCl8GCBjwkA, 90, 100, "/m/02zsn,/m/07rgt08,/m/09x0r"
nDY1XeV5yyU, 280, 290, "/m/07rgt08,/m/09x0r"
nMefG41G7Rw, 30, 40, "/m/07rgt08,/m/09x0r"
nN-KXalbxOg, 60, 70, "/m/01j3sz,/m/07rgt08,/m/07s04w4,/m/09x0r,/m/0ytgt"
nOoUTnu9kHo, 50, 60, "/m/01j3sz,/m/07rgt08,/m/09x0r"
nQWE6e9GWxk, 50, 60, "/m/04rlf,/m/07rgt08,/m/09x0r"
nS7NrUa1dKw, 120, 130, "/m/07rgt08,/m/07s04w4,/m/09x0r"
nVlmth89WQA, 30, 40, "/m/02_nn,/m/07rgt08"
nZ-9wCYr698, 310, 320, "/m/01j3sz,/m/07rgt08,/m/09x0r"
n_9qqJ2p5X0, 10, 20, "/m/01j3sz,/m/07rgt08,/m/09x0r"
nbtyzsRecK0, 530, 540, "/m/07rgt08"
nfPjRauI0hk, 290, 300, "/m/04rlf,/m/07rgt08,/m/09x0r"
ng6q1klBoSk, 130, 140, "/m/04rlf,/m/07rgt08,/m/09x0r"
nhBOCaPnrE0, 30, 40, "/m/07rgt08,/m/07s04w4,/m/09x0r"
nnC-y6sgcs4, 0, 10, "/m/01j3sz,/m/07rgt08,/m/09x0r"
nrKRu2cV114, 30, 40, "/m/07rgt08"
ns0EvV1hd_g, 30, 40, "/m/07rgt08,/m/09x0r"
nsgmpf1o_xY, 30, 40, "/m/07rgt08,/m/09x0r"
nuMRAAUq0wQ, 30, 40, "/m/04rlf,/m/07rgt08,/m/07s04w4,/m/09x0r"
nvBGbgar9lY, 190, 200, "/m/01j3sz,/m/04rlf,/m/07rgt08,/m/09x0r,/m/0ytgt"
nwEkhvUErao, 30, 40, "/m/05zppz,/m/07rgt08,/m/09x0r"
nzEo59X-j10, 30, 40, "/m/07rgt08,/t/dd00001"
o11EnyVjT3s, 18, 28, "/m/04rlf,/m/07rgt08"
o5AOLLkbeOE, 30, 40, "/m/04rlf,/m/07rgt08,/m/09x0r"
o5iB-OqvRvM, 30, 40, "/m/07rgt08,/m/09x0r"
o7w_ILRszQY, 30, 40, "/m/07rgt08,/m/07s04w4"
oBUsgakZZx8, 30, 40, "/m/07rgt08,/m/09x0r"
oDlUsTIC0So, 30, 40, "/m/07rgt08,/m/07s04w4"
oG78s1hEwGE, 220, 230, "/m/07rgt08,/m/09x0r"
oLPMHyDKQnQ, 30, 40, "/m/05zppz,/m/07rgt08,/m/09x0r"
oOeikG4XSsE, 210, 220, "/m/07rgt08,/m/09x0r"
oUlNqkYKRmA, 0, 10, "/m/04rlf,/m/05zppz,/m/07rgt08,/m/09x0r"
oY_5RtXwMmE, 40, 50, "/m/05zppz,/m/07rgt08"
oZNKf7_ZJC0, 30, 40, "/m/07rgt08,/m/09x0r"
ob_kHDG7gmo, 30, 40, "/m/04rlf,/m/07rgt08,/m/07s04w4,/m/09x0r"
ocMUVCdMKHY, 30, 40, "/m/07rgt08,/m/09x0r"
of87imxFYe4, 30, 40, "/m/07rgt08,/m/07s04w4,/m/09x0r"
ofcOcZ4a99U, 0, 10, "/m/02p3nc,/m/07rgt08,/m/09x0r"
olXsjzz317U, 100, 110, "/m/07rgt08,/m/07s04w4,/m/09x0r"
olkiw43JFOw, 130, 140, "/m/01j3sz,/m/04rlf,/m/07rgt08,/m/07s04w4,/m/09x0r"
ooQEv0TkgnU, 160, 170, "/m/01j3sz,/m/02zsn,/m/04rlf,/m/07rgt08,/m/09x0r"
opqJ1SZmyGk, 190, 200, "/m/07rgt08,/m/09x0r"
orB7qmpHKVk, 140, 150, "/m/01j3sz,/m/07rgt08,/m/09x0r"
ot_e6v0_zf0, 50, 60, "/m/01j3sz,/m/07rgt08,/m/09x0r"
ozDgnGmqUyc, 10, 20, "/m/01j3sz,/m/07rgt08,/m/07s04w4,/m/09x0r"
ozMbPpj4gys, 530, 540, "/m/01j3sz,/m/07rgt08,/m/09x0r"
p0spFPUQ6wI, 30, 40, "/m/07rgt08,/m/07s04w4,/m/09x0r"
p2L538XEFx0, 30, 40, "/m/07rgt08,/m/09x0r"
p4DCD5HQjnw, 40, 50, "/m/04rlf,/m/07rgt08,/m/09x0r"
p95rtHcQ528, 30, 40, "/m/07rgt08,/m/07s04w4,/t/dd00001"
p9XfqHs-8Po, 260, 270, "/m/02zsn,/m/07rgt08,/m/09x0r"
pIomAokG8Gs, 30, 40, "/m/07rgt08,/m/09x0r"
pMVr9S5pEAM, 30, 40, "/m/07rgt08,/m/09x0r"
pN1Or1a5xnE, 30, 40, "/m/05zppz,/m/07rgt08"
pObMZQqubNw, 8, 18, "/m/04rlf,/m/07rgt08,/m/09x0r"
pRTdKKDW-eA, 80, 90, "/m/07rgt08,/m/09x0r"
pW9JI4yi16k, 30, 40, "/m/07rgt08,/m/09x0r"
pXBNwDOMMaA, 80, 90, "/m/07rgt08"
pYrPT2l-CQM, 10, 20, "/m/01j3sz,/m/0261r1,/m/07rgt08,/m/09x0r"
p_UedyIfXUo, 30, 40, "/m/01swy6,/m/04rlf,/m/07rgt08"
paRxk3-7DPw, 130, 140, "/m/01j3sz,/m/07rgt08,/m/09x0r"
pbVghRdZCxY, 5, 15, "/m/07rgt08,/m/07s04w4,/m/09x0r"
pblI33b8l8o, 20, 30, "/m/01j3sz,/m/068hy,/m/07rgt08,/m/09x0r,/m/0bt9lr,/m/0jbk"
pcSMEG5Wdqg, 15, 25, "/m/04rlf,/m/07rgt08"
pg46E45aijY, 30, 40, "/m/07rgt08,/m/09x0r,/t/dd00001"
phWfXmcDeRw, 150, 160, "/m/01j3sz,/m/02zsn,/m/07rgt08,/m/09x0r"
pmClzlS4aPo, 170, 180, "/m/01j3sz,/m/07r660_,/m/07rgt08,/m/09x0r"
ppK1wWdIRKg, 140, 150, "/m/04rlf,/m/07rgt08,/m/09x0r"
pyKh38FXD3E, 0, 10, "/m/01j3sz,/m/07rgt08,/m/09x0r"
qDV4D9cqmAA, 120, 130, "/m/01j3sz,/m/07rgt08,/m/09x0r,/t/dd00125"
qEGAx0gxer4, 30, 40, "/m/07rgt08,/m/09x0r"
qGOtaIhCrPI, 20, 30, "/m/07rgt08,/m/09x0r"
qIIUZUHMpao, 30, 40, "/m/07rgt08,/m/07s04w4,/t/dd00001"
qKJNKr7rXWk, 30, 40, "/m/07rgt08,/m/07s04w4"
qRyGGB1k5Ds, 30, 40, "/m/07rgt08,/m/07s04w4"
qTu6bhYUe5E, 3, 13, "/m/07rgt08,/m/07s04w4"
qV3PnHE3qB4, 240, 250, "/m/07rgt08,/m/09x0r"
qWj318oiHkc, 120, 130, "/m/02zsn,/m/07rgt08,/m/09x0r"
qXQb2pOtOrY, 30, 40, "/m/04rlf,/m/07rgt08"
qcLDrc3gZEk, 11, 21, "/m/07rgt08,/m/07s04w4,/m/09x0r"
qeTxMkKb4sQ, 140, 150, "/m/07rgt08,/m/09x0r"
qhe2uaej1Ek, 250, 260, "/m/02zsn,/m/07rgt08,/m/09x0r"
qjD9cE9hE5Y, 30, 40, "/m/07rgt08,/m/07s04w4,/m/09x0r"
qmJapRDnXrQ, 30, 40, "/m/07rgt08,/t/dd00001"
qpwjPJT6QH4, 30, 40, "/m/04rlf,/m/07rgt08,/m/07s04w4,/m/09x0r"
qqyXi_PMZak, 30, 40, "/m/07rgt08,/m/09x0r"
qtqN39fKfrc, 30, 40, "/m/07rgt08,/m/09x0r"
qwRE6uoA1ZY, 30, 40, "/m/01j3sz,/m/03fwl,/m/068hy,/m/07rgt08,/m/09x0r,/m/0jbk"
qxgJKGq6uwA, 140, 150, "/m/07rgt08"
qyfg8KN8hDg, 30, 40, "/m/07rgt08,/m/07s04w4,/m/09x0r"
r-J8NcBK0TY, 0, 10, "/m/07rgt08,/m/09x0r,/t/dd00126"
r26mwjObb7U, 150, 160, "/m/07rgt08,/m/09x0r"
r4BCHqZtboQ, 350, 360, "/m/07rgt08,/m/09x0r"
r6b6KrFFCik, 10, 20, "/m/01j3sz,/m/04rlf,/m/07r660_,/m/07rgt08,/m/09x0r"
r6hA0ZG76_4, 330, 340, "/m/01j3sz,/m/07rgt08,/m/07s04w4,/m/09x0r"
rGzBjASsYNY, 0, 10, "/m/04rlf,/m/07rgt08,/m/07s04w4,/m/09x0r"
rIewvHqpPf0, 140, 150, "/m/07rgt08,/m/0ytgt"
rKW8_GrRAzQ, 0, 10, "/m/04rlf,/m/05zppz,/m/07rgt08"
rQthEYYXM-k, 30, 40, "/m/07rgt08,/m/07s04w4"
r_hxfgcKoic, 410, 420, "/m/05zppz,/m/07rgt08,/m/09x0r"
rhmx99qAA74, 230, 240, "/m/04rlf,/m/07rgt08,/m/07s04w4,/m/09x0r"
rkvEuAtErwQ, 20, 30, "/m/07rgt08,/m/09x0r"
rmOLDsHfnvw, 30, 40, "/m/07rgt08,/t/dd00001"
rzrJ9wPcGDI, 0, 10, "/m/07rgt08,/m/09x0r"
s-AgmYNOV3E, 0, 10, "/m/07rgt08"
s7TgQ8sjSuQ, 170, 180, "/m/07rgt08,/m/09x0r"
s8oh4kDYt3E, 110, 120, "/m/07rgt08,/m/09x0r"
sCy4HltOYiY, 21, 31, "/m/07rgt08,/m/09x0r"
sG_dxBzhO00, 30, 40, "/m/01j3sz,/m/04rlf,/m/07rgt08,/m/09x0r"
sIG7mKjYz2I, 30, 40, "/m/07rgt08,/m/09x0r"
sIumcUApZN0, 30, 40, "/m/07rgt08,/m/07s04w4"
sLHYvqfduwU, 30, 40, "/m/04rlf,/m/07rgt08,/m/09x0r"
sLg5bDLgs-E, 30, 40, "/m/07rgt08,/m/07s04w4,/m/09x0r"
sNY_6diMbXs, 40, 50, "/m/07rgt08,/m/09x0r"
sO0LPs5WtBo, 30, 40, "/m/04rlf,/m/07rgt08"
sRV5OhDGnLU, 30, 40, "/m/04rlf,/m/07rgt08,/m/09x0r"
sTrqiBbExhs, 60, 70, "/m/07rgt08,/m/09x0r"
sUa_1kq01pc, 30, 40, "/m/05zppz,/m/07rgt08,/m/09x0r"
sWGAYdGMErM, 30, 40, "/m/07rgt08,/m/09x0r"
sWTgwNc6Jc8, 30, 40, "/m/07rgt08,/m/09x0r"
sWXh0CGFUdw, 190, 200, "/m/07rgt08"
sb4ElU_JxJM, 490, 500, "/m/05zppz,/m/07rgt08,/m/09x0r"
sdX3dnphqms, 30, 40, "/m/07rgt08,/m/07s04w4"
sdzKutQqRjA, 70, 80, "/m/01j3sz,/m/07rgt08,/m/09x0r"
sl1MkTiYIWM, 18, 28, "/m/04rlf,/m/07rgt08,/m/07s04w4,/m/09x0r"
smBTYJi1SGE, 60, 70, "/m/01j3sz,/m/07rgt08,/m/09x0r"
smsUOOlkSUw, 200, 210, "/m/01j3sz,/m/07rgt08,/m/09x0r"
sw1_PQt-3fE, 20, 30, "/m/07rgt08,/m/07s04w4,/m/09x0r"
sz3SzVB2tFw, 20, 30, "/m/07rgt08,/m/07s04w4,/m/09x0r"
t7TzRna5fS4, 30, 40, "/m/01j3sz,/m/07rgt08,/m/07s04w4,/m/09x0r"
t8aqk9cM-FQ, 10, 20, "/m/07rgt08,/m/09x0r,/t/dd00126"
t8etu3o7kq8, 30, 40, "/m/07rgt08,/m/07s04w4,/m/09x0r"
t8nSasaYljc, 60, 70, "/m/07rgt08,/m/07s04w4,/m/09x0r"
t9MMldUrBag, 30, 40, "/m/07rgt08,/m/09x0r"
tDW9ogoj8_E, 30, 40, "/m/04rlf,/m/07rgt08,/m/07s04w4,/m/09x0r"
tHOTT_wDifg, 230, 240, "/m/01j3sz,/m/03dnzn,/m/07rgt08,/m/09x0r"
tMHEUbW01WI, 30, 40, "/m/07rgt08,/m/09x0r"
tN6h2CSrZp4, 30, 40, "/m/07rgt08,/m/09x0r"
tT-GpykWt88, 30, 40, "/m/07rgt08,/m/07s04w4,/m/09x0r"
tTIn3zDvELo, 30, 40, "/m/07rgt08,/m/07s04w4,/m/09x0r"
tTOWS_URkOc, 280, 290, "/m/07rgt08,/m/09x0r"
tXsDL6DpBYM, 30, 40, "/m/028ght,/m/07rgt08,/m/07s04w4,/m/09x0r"
tXt1qr-rE7U, 30, 40, "/m/07rgt08,/m/09x0r"
t_acOLqB9ZA, 370, 380, "/m/07rgt08,/m/09x0r,/t/dd00125"
tcli3RyxCsc, 70, 80, "/m/07rgt08,/m/09x0r"
tf6e10xv0e0, 30, 40, "/m/04rlf,/m/07rgt08,/m/09x0r"
tgk3DUpRI-w, 120, 130, "/m/07rgt08,/m/09x0r"
tlZx0R63PIM, 30, 40, "/m/07rgt08,/m/09x0r"
tngZDnTdpZ0, 30, 40, "/m/07rgt08,/m/09x0r"
toKk0Atu2D4, 60, 70, "/m/07rgt08,/m/09x0r"
toUZY1lkDKc, 30, 40, "/m/07rgt08,/m/09x0r"
tp9Ra5CTifw, 40, 50, "/m/01j3sz,/m/04rlf,/m/07rgt08,/m/07s04w4"
tqWABeEX7Bg, 7, 17, "/m/07rgt08,/m/07s04w4,/m/09x0r"
tqbxcSnQe2c, 70, 80, "/m/07rgt08,/m/07s04w4,/m/09x0r"
ttcQAwSF3_I, 500, 510, "/m/07rgt08,/m/09x0r"
twLTok9Q3ZM, 30, 40, "/m/07rgt08,/m/07s04w4"
txTtBK3pi-E, 30, 40, "/m/07rgt08,/m/09x0r"
tynbSlqKVLA, 30, 40, "/m/07rgt08,/m/09x0r"
tyz_Pk3b7gg, 30, 40, "/m/07rgt08,/m/07s04w4,/m/09x0r"
u-eJ6nSUQQc, 30, 40, "/m/07rgt08,/m/09x0r,/t/dd00001"
u5jkh_paZ6k, 30, 40, "/m/04rlf,/m/07rgt08"
uAzg4PDcyyE, 30, 40, "/m/07rgt08,/m/07s04w4,/m/09x0r"
uBjF8EEZxQ8, 30, 40, "/m/07rgt08,/m/09x0r,/t/dd00001"
uDGQwcnhjwc, 490, 500, "/m/07rgt08,/m/09x0r"
uEVwdp3U-FQ, 550, 560, "/m/07rgt08,/m/09x0r"
uGeQQjHBHgs, 540, 550, "/m/01j3sz,/m/07rgt08,/m/09x0r"
uIhCgzZzndE, 30, 40, "/m/07rgt08,/m/07s04w4,/m/09x0r"
uJC0vcokW08, 120, 130, "/m/07rgt08,/m/09x0r,/t/dd00125"
uM2D-7BcDPY, 30, 40, "/m/01j3sz,/m/04rlf,/m/07rgt08,/m/09x0r"
uOu5aalETFo, 320, 330, "/m/04rlf,/m/07rgt08,/m/09x0r"
uQZPDu5Y0RQ, 30, 40, "/m/07rgt08,/m/07s04w4,/m/09x0r"
uU8eNnrFOk0, 20, 30, "/m/07rgt08,/m/09x0r"
uVdR2gsCf2Q, 5, 15, "/m/07rgt08,/m/09x0r"
uZkDsB1blm4, 60, 70, "/m/07rgt08,/m/09x0r"
ua0kRpQZiyM, 30, 40, "/m/07rgt08,/m/09x0r"
ubt4wZTuWvw, 30, 40, "/m/07rgt08,/m/09x0r"
udjpvALBE04, 25, 35, "/m/07rgt08,/m/09x0r,/t/dd00001"
uhErNzYStLg, 90, 100, "/m/07rgt08,/m/09x0r"
unGQllAQD44, 30, 40, "/m/04rlf,/m/07rgt08,/m/07s04w4,/m/09x0r"
upSEMWlVLqY, 50, 60, "/m/07rgt08,/m/07s04w4,/m/09x0r,/m/0ytgt"
up_pFUwhlOU, 30, 40, "/m/07rgt08,/m/09x0r"
uqvAwXNZrsA, 50, 60, "/m/07rgt08"
utHFmVL5fH0, 30, 40, "/m/07rgt08,/m/07s04w4"
uu50XVcVmdc, 0, 10, "/m/07rgt08,/m/07s04w4,/m/09x0r"
v0ru8uDM3Cg, 10, 20, "/m/01j3sz,/m/05zppz,/m/07rgt08,/m/09x0r"
v3h_4fbY8SI, 90, 100, "/m/07rgt08"
v6BBaFHTJd0, 170, 180, "/m/07rgt08,/m/09x0r"
v81LfsxVfbg, 160, 170, "/m/04rlf,/m/07rgt08,/m/09x0r"
vBWYA_Pawvw, 80, 90, "/m/01j3sz,/m/07pp_mv,/m/07rgt08,/m/09x0r,/m/0c3f7m"
vC-Y0U7xq8M, 30, 40, "/m/07rgt08"
vC1rGQHqKY4, 30, 40, "/m/04rlf,/m/07rgt08"
vC9Pfng0hIw, 260, 270, "/m/07rgt08,/m/07s04w4,/m/09x0r"
vCxGJelmAeg, 10, 20, "/m/01j3sz,/m/026t6,/m/04rlf,/m/04szw,/m/07rgt08,/m/09x0r,/m/0l14md"
vFlJzIeTPrs, 350, 360, "/m/07rgt08,/m/07s04w4,/m/09x0r,/m/0ytgt"
vO0RE2r0Z2M, 27, 37, "/m/07rgt08"
vTvgsVJ4s_s, 40, 50, "/m/07rgt08,/m/09x0r"
vW1hFEN93TQ, 40, 50, "/m/07rgt08,/m/09x0r"
vWzpG74jhL0, 40, 50, "/m/07rgt08,/m/09x0r"
v_2zmWAokow, 150, 160, "/m/07rgt08,/m/09x0r"
variDaE3fys, 70, 80, "/m/01j3sz,/m/05zppz,/m/07rgt08,/m/09x0r"
vbjKftKNUv0, 30, 40, "/m/07rgt08,/m/09x0r"
vcld9qKDq2s, 30, 40, "/m/07rc7d9,/m/07rgt08,/m/09x0r"
vin3UibJn4o, 50, 60, "/m/07rgt08,/m/09x0r,/m/0ytgt,/t/dd00126"
vxbi3iXG-Vs, 30, 40, "/m/04rlf,/m/07rgt08,/m/09x0r"
vyL9sHZAxKU, 110, 120, "/m/07rgt08,/m/07s04w4,/m/09x0r"
vzIUvQLMRJU, 20, 30, "/m/07rgt08,/m/09x0r,/t/dd00127"
vzJOMUqQMPo, 590, 600, "/m/07rgt08,/m/09x0r,/t/dd00126"
w2R_J9zSX1U, 110, 120, "/m/07r660_,/m/07rgt08,/m/07s04w4,/m/07sq110,/m/09x0r"
w7phm7OJR0o, 40, 50, "/m/01j3sz,/m/068hy,/m/07rgt08,/m/07s04w4,/m/09x0r,/m/0bt9lr,/m/0jbk"
w9PYNTIgaqI, 30, 40, "/m/07rgt08,/m/09x0r"
wDPhumUQLIo, 180, 190, "/m/07rgt08,/m/09x0r"
wJ6L-L_zCRE, 60, 70, "/m/01j3sz,/m/07rgt08,/m/07s04w4,/m/09x0r"
wK63IabfdQ8, 60, 70, "/m/07rgt08,/m/09x0r"
wMUNbEabKOY, 120, 130, "/m/07rgt08,/m/09x0r,/t/dd00126"
wMwyLhoeiqU, 30, 40, "/m/01j3sz,/m/07rgt08,/m/07s04w4,/m/07sq110"
wP_qbpj34eA, 0, 10, "/m/07rgt08,/m/09x0r"
wVNJSvcTRGM, 30, 40, "/m/04rlf,/m/07rgt08,/m/07s04w4,/t/dd00001"
wc-L04HbsvM, 30, 40, "/m/07rgt08"
we_iR9BWBcw, 30, 40, "/m/04rlf,/m/07rgt08,/m/09x0r"
wiI4ahTVt0o, 10, 20, "/m/04rlf,/m/07rgt08,/m/09x0r"
wnGiYGjOWVE, 160, 170, "/m/07rgt08,/m/09x0r"
wpi-QaKxfyI, 40, 50, "/m/01j3sz,/m/02p3nc,/m/04rlf,/m/07rgt08,/m/09x0r"
wqRBKbE2YgI, 30, 40, "/m/07rgt08,/m/09x0r"
wsOdk-d1GOg, 30, 40, "/m/04rlf,/m/07rgt08,/m/07s04w4"
wsVx_nQXv3c, 30, 40, "/m/07rgt08,/m/09x0r"
wurvr8c5eb0, 390, 400, "/m/01j3sz,/m/07rgt08,/m/09x0r"
wwPZynzuq_8, 40, 50, "/m/01j3sz,/m/068hy,/m/07rgt08,/m/07s04w4,/m/09x0r,/m/0bt9lr,/m/0jbk"
wzzXrjUqyrc, 50, 60, "/m/07rgt08,/m/09x0r"
x2nbTtb8VNA, 30, 40, "/m/04rlf,/m/07rgt08,/m/07s04w4"
x4MfAR8mOm4, 0, 10, "/m/01j3sz,/m/07rgt08"
xCdxUzq3rPU, 30, 40, "/m/07rgt08,/m/09x0r"
xDEKaYc6YAQ, 470, 480, "/m/01j3sz,/m/07rgt08,/m/09x0r"
xGI-5cJK_Ls, 30, 40, "/m/05zppz,/m/07rgt08,/m/09x0r"
xIjvv8tC7l0, 30, 40, "/m/07rgt08,/m/09x0r"
xLYfth1rw2Y, 60, 70, "/m/07rgt08,/m/09x0r"
xNCPE_6R4DI, 10, 20, "/m/07rgt08"
xRCQuuTRDqA, 280, 290, "/m/01h8n0,/m/07rgt08,/m/07s04w4,/m/09x0r"
xVEBVlPx7jo, 30, 40, "/m/07rgt08,/m/07s04w4,/m/09x0r"
xVQeQPsNo0k, 30, 40, "/m/07rgt08"
xWs3njVJ9Zw, 360, 370, "/m/07rgt08,/m/09x0r"
xfBmD_Uptzs, 0, 3, "/m/07rgt08,/m/09x0r"
xh5yl2GSUcg, 70, 80, "/m/04rlf,/m/07rgt08,/m/09x0r"
xl6oKiMPMwY, 90, 100, "/m/01j3sz,/m/07rgt08,/m/09x0r,/m/0ytgt"
xlLsKFfgpO4, 370, 380, "/m/07rgt08,/m/07s04w4,/m/09x0r"
xmDFt7Obz2U, 360, 370, "/m/01j3sz,/m/07rgt08"
xnLJ2EpzjTw, 10, 20, "/m/01j3sz,/m/07rgt08,/m/09x0r"
xq3lW_vC-Cs, 30, 40, "/m/07rgt08,/m/09x0r"
xqUS0p7It9M, 240, 250, "/m/07rgt08,/m/09x0r"
xswGyvlMvJQ, 170, 180, "/m/07rgt08,/m/09x0r"
xvxZQDfQblA, 10, 20, "/m/015p6,/m/068hy,/m/07rgt08,/m/09x0r,/m/0jbk"
xwRyIEompwI, 30, 40, "/m/07rgt08,/m/09x0r"
xwdanunAmY8, 10, 20, "/m/01j3sz,/m/07rgt08,/m/07s04w4,/m/09x0r"
y-buftBOpUk, 30, 40, "/m/07rgt08,/m/09x0r,/t/dd00001"
y8WZHaNzyxg, 30, 40, "/m/07rgt08,/m/07s04w4,/m/09x0r"
yA9iR8xtdJA, 410, 420, "/m/04rlf,/m/07rgt08,/m/09x0r"
yB6V_pv9j5Q, 60, 70, "/m/01hsr_,/m/01j3sz,/m/07rgt08,/m/09x0r"
yBVehT0fx1U, 30, 40, "/m/04rlf,/m/07rgt08,/m/09x0r"
yE7CoPT-1UU, 360, 370, "/m/01j3sz,/m/07rgt08,/m/07s04w4,/m/09x0r"
yMHi4WxNK7g, 30, 40, "/m/07rgt08,/m/07s04w4,/m/09x0r"
yPXSm_gKZQU, 30, 40, "/m/04rlf,/m/07rgt08"
yQ35J3msQO4, 100, 110, "/m/01j3sz,/m/07rgt08,/m/07s04w4,/m/09x0r"
yQvTN5zbQDM, 30, 40, "/m/07rgt08"
ySkCRu2J6IE, 30, 40, "/m/05zppz,/m/07rgt08,/m/09x0r"
ydBiMKyAN-Y, 30, 40, "/m/07rgt08,/m/09x0r"
yo4zgGHIhOc, 30, 40, "/m/04rlf,/m/07rgt08,/m/07s04w4,/m/09x0r"
yr0L9_buXcY, 0, 10, "/m/07rgt08,/m/09x0r"
ytK5ONSpYLQ, 150, 160, "/m/04rlf,/m/07rgt08,/m/07s04w4,/m/09x0r"
yzz-PiOo60Y, 50, 60, "/m/039jq,/m/07rgt08,/m/09x0r"
z6Pl6S7cK4w, 30, 40, "/m/07rgt08,/m/09x0r"
zFROQ9U4kuE, 30, 40, "/m/07rgt08,/m/09x0r"
zFx-7l_jUPs, 560, 570, "/m/04rlf,/m/07rgt08,/m/07s04w4,/m/09x0r"
zI5SOz-vTZ8, 30, 40, "/m/01z5f,/m/068hy,/m/07rgt08,/m/09x0r,/m/0bt9lr,/m/0jbk,/t/dd00126"
zMTikzGfrws, 30, 40, "/m/07rgt08,/m/09x0r"
zOkH1PgKlnk, 30, 40, "/m/05zppz,/m/07rgt08"
zOv2_zUhX7k, 30, 40, "/m/07rgt08,/m/09x0r"
zRNQBGOZ0sM, 30, 40, "/m/07rgt08,/m/09x0r"
zTVazs0xTYg, 30, 40, "/m/07rgt08,/m/09x0r"
zX0OMIdZERU, 30, 40, "/m/01jwx6,/m/07rgt08,/m/07s04w4,/m/09x0r,/m/0ytgt"
zYl78pRYMWQ, 0, 10, "/m/01j3sz,/m/07rgt08"
zZGZwDOL-eY, 0, 10, "/m/01j3sz,/m/07rgt08,/m/07s04w4,/m/09x0r"
zb0OEeRS3Us, 90, 100, "/m/07rgt08,/m/09x0r"
zdu74tPd2Wc, 30, 40, "/m/02p3nc,/m/07rgt08,/m/07s04w4,/m/09x0r"
ziBUk_08-ew, 30, 40, "/m/07rgt08"
zig_k426lYs, 23, 33, "/m/07rgt08,/t/dd00001"
zm7YMzQz9jQ, 80, 90, "/m/07rgt08,/m/09x0r"
zom1Op20GBk, 30, 40, "/m/04rlf,/m/07rgt08,/m/09x0r"
zor10YLA_d4, 40, 50, "/m/04rlf,/m/07rgt08,/m/07s04w4,/m/09x0r"
zpJahierALk, 30, 40, "/m/07rgt08,/m/09x0r"
zv1ySnEmWwY, 30, 40, "/m/07rgt08"
zy1pgd3eIOk, 410, 420, "/m/07rgt08,/m/09x0r"
zzXc9Uu7lRE, 4, 14, "/m/07rgt08,/m/07s04w4,/m/09x0r"
