-T_uw2LeDWU, 70.000, 80.000, "/m/07r660_,/m/09x0r,/m/0ytgt,/t/dd00001"
-YvvpxAbIII, 270.000, 280.000, "/m/04rlf,/m/09x0r,/t/dd00001,/t/dd00125"
-ZapunerJsQ, 140.000, 150.000, "/m/04rlf,/m/09x0r,/t/dd00001"
-hvbMS-_BHE, 10.000, 20.000, "/m/01j3sz,/m/068hy,/m/0bt9lr,/m/0jbk,/t/dd00001"
-lL0OaeQtEQ, 30.000, 40.000, "/m/07qz6j3,/m/09x0r,/m/0ytgt,/t/dd00001"
-nK-nHIhoiM, 50.000, 60.000, "/m/01j3sz,/m/07sq110,/m/09x0r,/t/dd00001"
-saFMqj-M8I, 30.000, 40.000, "/t/dd00001"
0B_A43gA6fc, 50.000, 60.000, "/t/dd00001"
0CGgu6doSis, 40.000, 50.000, "/m/01j3sz,/m/09x0r,/t/dd00001"
0G6OTYrqB2Y, 30.000, 40.000, "/m/01j3sz,/m/07r660_,/m/07sq110,/t/dd00001"
0OKELwyAi5E, 60.000, 70.000, "/m/01j3sz,/m/04rlf,/m/09x0r,/t/dd00001"
0Ovr9qYvfe8, 440.000, 450.000, "/m/04rlf,/m/09x0r,/t/dd00001"
0Q1T9RuTAnE, 40.000, 50.000, "/m/01j3sz,/m/07r660_,/t/dd00001"
0VeCqFvVUQg, 40.000, 50.000, "/m/01j3sz,/m/02p3nc,/t/dd00001"
0Wk2PvKpMe0, 0.000, 10.000, "/m/09x0r,/t/dd00001"
0Y-weqqGWF8, 0.000, 10.000, "/m/09x0r,/m/0ytgt,/t/dd00001"
0_o3zAgAz-I, 90.000, 100.000, "/m/01j3sz,/m/09x0r,/t/dd00001"
0dIKPNqqxhw, 90.000, 100.000, "/m/01j3sz,/t/dd00001"
0di55Yw-YYE, 60.000, 70.000, "/m/07r660_,/m/09x0r,/m/0ytgt,/t/dd00001"
0eaafXX-pPE, 30.000, 40.000, "/m/01j3sz,/m/09x0r,/t/dd00001"
0gohHMCpQik, 250.000, 260.000, "/m/09x0r,/t/dd00001,/t/dd00125"
0taZldxMK1Q, 60.000, 70.000, "/m/01j3sz,/m/09x0r,/t/dd00001"
10wA970vOoA, 30.000, 40.000, "/m/01j3sz,/m/04rlf,/t/dd00001"
11xUEc-AqEI, 90.000, 100.000, "/m/01j3sz,/m/09x0r,/t/dd00001"
1Eb_BTzbRKI, 10.000, 20.000, "/m/01j3sz,/m/09x0r,/t/dd00001,/t/dd00125"
1Lb-qqYjwgE, 590.000, 600.000, "/m/07sq110,/m/09x0r,/t/dd00001,/t/dd00125"
1d8iPXgwhpw, 10.000, 20.000, "/m/01j3sz,/t/dd00001"
1hNHrwXfk10, 340.000, 350.000, "/m/07sq110,/m/09x0r,/t/dd00001"
1pQwIRqDh6s, 40.000, 50.000, "/m/09x0r,/t/dd00001"
1uyZNb7V7Bs, 30.000, 40.000, "/m/07rgt08,/m/09x0r,/t/dd00001"
1v7rUl3JWkE, 30.000, 40.000, "/m/01j3sz,/m/09x0r,/t/dd00001,/t/dd00125"
1yYcwfQ07PQ, 20.000, 30.000, "/m/01j3sz,/m/09x0r,/t/dd00001"
1zZupqiYDCs, 0.000, 10.000, "/m/04rlf,/t/dd00001"
25RF3HCyudA, 0.000, 10.000, "/t/dd00001"
28wbjdQrcmY, 10.000, 20.000, "/m/04rlf,/t/dd00001"
2CdtgDf0FiI, 10.000, 20.000, "/t/dd00001"
2KJxr0CvtY8, 0.000, 10.000, "/m/01j3sz,/m/04rlf,/m/09x0r,/t/dd00001,/t/dd00125"
2Sb7U9QFkPI, 30.000, 40.000, "/m/07rc7d9,/t/dd00001"
2URXBjrsgt0, 40.000, 50.000, "/m/01j3sz,/m/09x0r,/t/dd00001"
2W9sjf3Q2pI, 10.000, 20.000, "/t/dd00001"
2XRKxHfv1kQ, 30.000, 40.000, "/m/01j3sz,/m/02p3nc,/m/09x0r,/t/dd00001"
2ZextTkMQSA, 450.000, 460.000, "/m/04rlf,/m/09x0r,/t/dd00001,/t/dd00125"
2ZqInEYQDOM, 30.000, 40.000, "/m/01j3sz,/t/dd00001"
2bp5Stceo94, 0.000, 10.000, "/t/dd00001,/t/dd00125"
2dBLvucCdj4, 160.000, 170.000, "/m/09x0r,/t/dd00001,/t/dd00125"
2i82jVZy1pk, 100.000, 110.000, "/m/01j3sz,/t/dd00001"
2thZbFL5w64, 30.000, 40.000, "/m/04rlf,/m/07s04w4,/t/dd00001"
37hqUFpvl6A, 30.000, 40.000, "/m/01j3sz,/m/09x0r,/t/dd00001"
3C9gbaFQJ1w, 30.000, 40.000, "/m/04rlf,/t/dd00001"
3DylwGXXYWw, 160.000, 170.000, "/m/07r660_,/m/09x0r,/m/0ytgt,/t/dd00001,/t/dd00125"
3KSPZMy2MB0, 30.000, 40.000, "/m/04rlf,/m/09x0r,/t/dd00001,/t/dd00126"
3Rxbbb0GGi4, 160.000, 170.000, "/m/09x0r,/m/0ytgt,/t/dd00001"
3amPNuu8pig, 30.000, 40.000, "/m/04rlf,/t/dd00001"
3bm17p9ITz8, 460.000, 470.000, "/m/09x0r,/t/dd00001"
3dQ5rZpK5U4, 20.000, 30.000, "/m/01j3sz,/m/09x0r,/t/dd00001"
3qFOzgoWALk, 90.000, 100.000, "/m/01j3sz,/t/dd00001"
40WHgilHrlo, 0.000, 10.000, "/m/01j3sz,/m/09x0r,/t/dd00001"
45wAIX6_eCo, 100.000, 110.000, "/m/01j3sz,/t/dd00001"
46DhzA9MsEg, 70.000, 80.000, "/m/01j3sz,/t/dd00001"
4Fq83h_zrFY, 30.000, 40.000, "/m/07rgt08,/m/09x0r,/t/dd00001"
4Hq7oCzJifk, 70.000, 80.000, "/m/09x0r,/m/0ytgt,/t/dd00001"
4Iy5ZcanjNM, 310.000, 320.000, "/m/07r660_,/m/07sq110,/m/09x0r,/m/0ytgt,/t/dd00001,/t/dd00125"
4Npzyzx8xE8, 170.000, 180.000, "/m/01j3sz,/m/09x0r,/t/dd00001,/t/dd00125"
4Smh-L3I0J4, 70.000, 80.000, "/t/dd00001,/t/dd00125"
4X5VlCL26lY, 30.000, 40.000, "/t/dd00001"
4b0GGR4Wgko, 110.000, 120.000, "/m/04rlf,/m/09x0r,/m/0ytgt,/t/dd00001"
4eOIP-P4HXQ, 4.000, 14.000, "/m/07rgt08,/t/dd00001"
4ijLeXCmQXg, 390.000, 400.000, "/m/09x0r,/t/dd00001,/t/dd00126"
4jmv1XpnR90, 50.000, 60.000, "/m/01j3sz,/m/09x0r,/t/dd00001"
4juYpt8FY3E, 70.000, 80.000, "/t/dd00001"
4u11s0GcLjw, 50.000, 60.000, "/m/01j3sz,/m/04rlf,/t/dd00001"
52y_0oUYQps, 50.000, 60.000, "/m/07r660_,/m/07sq110,/m/09x0r,/t/dd00001,/t/dd00125"
54nBzImZPZM, 0.000, 10.000, "/m/03fwl,/m/09x0r,/m/0jbk,/t/dd00001"
57kgQxOw8Hs, 10.000, 20.000, "/m/01j3sz,/m/09x0r,/m/0ytgt,/t/dd00001"
57rX-_ti2ps, 20.000, 30.000, "/m/01j3sz,/m/07r660_,/m/09x0r,/t/dd00001"
5XKAszJ9h8o, 100.000, 110.000, "/m/09x0r,/m/0ytgt,/t/dd00001,/t/dd00127"
5hAsOJwsUWY, 10.000, 20.000, "/m/015lz1,/m/04rlf,/m/09x0r,/t/dd00001"
5mhrrk-K128, 0.000, 7.000, "/t/dd00001"
678gnMfGT6g, 70.000, 80.000, "/m/01j3sz,/t/dd00001"
6AP5yfUvnho, 10.000, 20.000, "/m/04rlf,/m/09x0r,/m/0ytgt,/t/dd00001,/t/dd00125"
6PjC9sMqGT0, 30.000, 40.000, "/m/07r660_,/t/dd00001"
6WctaBD7JP0, 90.000, 100.000, "/m/01j3sz,/m/09x0r,/t/dd00001"
6bMYzS5Ffro, 170.000, 180.000, "/m/01j3sz,/m/09x0r,/t/dd00001"
6b_twQlm1nI, 30.000, 40.000, "/m/07rgt08,/t/dd00001"
6bhEcBCMUBg, 20.000, 30.000, "/m/01j3sz,/m/02p3nc,/t/dd00001"
6sYbxYnwmqk, 0.000, 10.000, "/m/01j3sz,/t/dd00001"
6t6LUxl2ws8, 10.000, 20.000, "/m/01j3sz,/m/07sq110,/m/09x0r,/t/dd00001,/t/dd00125"
6u_uXOKH2ZE, 80.000, 90.000, "/m/015p6,/m/07r660_,/t/dd00001,/t/dd00125"
6w7eIIP5QLw, 50.000, 60.000, "/m/09x0r,/t/dd00001,/t/dd00126"
6ydNzNTN_yg, 30.000, 40.000, "/m/0261r1,/m/0463cq4,/t/dd00001,/t/dd00002,/t/dd00125"
734HgjLgRcE, 30.000, 40.000, "/m/07rgt08,/t/dd00001"
77_ifotEG1E, 10.000, 20.000, "/t/dd00001,/t/dd00125"
7D2OlsBVe40, 0.000, 10.000, "/m/0261r1,/m/09x0r,/t/dd00001"
7TZDBbCYZN0, 70.000, 80.000, "/m/01j3sz,/m/09x0r,/t/dd00001"
7XCSZi0rS5E, 550.000, 560.000, "/m/01j3sz,/m/07s04w4,/m/07sq110,/m/09x0r,/t/dd00001"
7XwWyr1Bw9g, 10.000, 20.000, "/m/07sq110,/t/dd00001"
7Yiab73gYw0, 90.000, 100.000, "/m/01j3sz,/t/dd00001"
7eF1aYP8gCQ, 4.000, 14.000, "/t/dd00001"
7fymQoOewBI, 450.000, 460.000, "/m/01j3sz,/t/dd00001"
7mPfOA21_UQ, 20.000, 30.000, "/m/01j3sz,/t/dd00001"
7tDk4Y0jztM, 10.000, 20.000, "/m/09x0r,/t/dd00001"
8-kEKlKw_94, 340.000, 350.000, "/m/09x0r,/m/0ytgt,/t/dd00001"
84vFdTtO2Vk, 10.000, 20.000, "/m/07sq110,/m/09x0r,/t/dd00001,/t/dd00125"
86heG2pV2LM, 50.000, 60.000, "/m/01j3sz,/m/04rlf,/t/dd00001"
89LX6sBSLBk, 20.000, 30.000, "/m/01j3sz,/t/dd00001"
8AUSj84rIWM, 30.000, 40.000, "/m/07s04w4,/m/09x0r,/t/dd00001"
8BcfZcnSp0w, 40.000, 50.000, "/m/07pqn27,/m/09x0r,/t/dd00001"
8CyAd5NKlYg, 30.000, 40.000, "/m/01j3sz,/m/09x0r,/t/dd00001"
8E1D3O-4GvE, 1.000, 11.000, "/m/07rgt08,/m/09x0r,/t/dd00001"
8jNYEw7ztUE, 90.000, 100.000, "/m/01j3sz,/m/09x0r,/t/dd00001,/t/dd00125"
8qdehF64ij4, 80.000, 90.000, "/m/09x0r,/t/dd00001,/t/dd00125"
8zAm7HSenSQ, 430.000, 440.000, "/m/09x0r,/t/dd00001"
90-X2HBXZsg, 90.000, 100.000, "/m/07r660_,/m/09x0r,/t/dd00001"
9016-570w8s, 30.000, 40.000, "/m/04rlf,/t/dd00001"
9ESGjQB0AXg, 20.000, 30.000, "/m/09x0r,/t/dd00001"
9Mecstt0Fx4, 10.000, 20.000, "/m/01j3sz,/t/dd00001"
9_fOyrsgXIs, 240.000, 250.000, "/m/09x0r,/m/0ytgt,/t/dd00001,/t/dd00125"
9bZhKjPrYDQ, 20.000, 30.000, "/m/07r660_,/m/07sq110,/m/09x0r,/t/dd00001,/t/dd00125"
9cv0DTiW5ho, 180.000, 190.000, "/m/07r660_,/m/09x0r,/t/dd00001"
9fvJaMgRXtY, 80.000, 90.000, "/m/04rlf,/t/dd00001"
9qkBxclC4KU, 90.000, 100.000, "/t/dd00001"
A2VKrhHv3R8, 200.000, 210.000, "/m/09x0r,/t/dd00001"
AA6GYNHPW04, 70.000, 80.000, "/m/01j3sz,/m/09x0r,/t/dd00001,/t/dd00125"
AK9paigQCcA, 70.000, 80.000, "/m/07r660_,/m/09x0r,/t/dd00001"
AL-0FbGu6YA, 70.000, 80.000, "/m/01j3sz,/m/09x0r,/t/dd00001"
AP6rj2UJSDo, 10.000, 20.000, "/t/dd00001"
ASA4EbvCVY4, 440.000, 450.000, "/m/07sq110,/t/dd00001"
AUuZYQpKvPE, 80.000, 90.000, "/m/01j3sz,/t/dd00001"
AZJozhB8nUI, 0.000, 10.000, "/m/01j3sz,/t/dd00001"
AZqXmanIwPc, 10.000, 20.000, "/m/03q5_w,/t/dd00001,/t/dd00125"
Ad4ze1PME68, 20.000, 30.000, "/m/01j3sz,/m/07r660_,/m/09x0r,/t/dd00001"
AeVM0K5VHYI, 30.000, 40.000, "/m/09x0r,/t/dd00001"
AexmSRGdbDM, 10.000, 20.000, "/t/dd00001,/t/dd00125"
As-ZAAIRqVE, 23.000, 33.000, "/m/09x0r,/t/dd00001"
At9Gz9uHgJc, 0.000, 10.000, "/m/09x0r,/t/dd00001,/t/dd00125"
B4iHlTRS4LY, 90.000, 100.000, "/m/01j3sz,/m/09x0r,/t/dd00001"
B5-F5dHhtX4, 530.000, 540.000, "/m/09x0r,/t/dd00001,/t/dd00125"
B5vxteDtjRA, 50.000, 60.000, "/m/09x0r,/m/0ytgt,/t/dd00001,/t/dd00125"
B7ilnnQu2ik, 10.000, 20.000, "/m/01j3sz,/m/07sq110,/t/dd00001"
B98wkZ6Mt4U, 30.000, 40.000, "/t/dd00001"
BMLsWz06M-I, 40.000, 50.000, "/t/dd00001"
BQe4GJftD08, 50.000, 60.000, "/m/01j3sz,/m/09x0r,/t/dd00001"
BRtGk2YmdJ0, 20.000, 30.000, "/m/02p3nc,/m/09x0r,/t/dd00001"
BUWWY_qJUDM, 30.000, 40.000, "/m/07rgt08,/t/dd00001"
Ba0HBrORXe0, 30.000, 40.000, "/t/dd00001"
Bn663pFle_M, 30.000, 40.000, "/m/02p3nc,/t/dd00001"
BpFBJtxcKws, 10.000, 20.000, "/m/04rlf,/m/07sq110,/t/dd00001"
BpUDSH5vxTU, 180.000, 190.000, "/m/09x0r,/t/dd00001"
BsqZcBr8o1g, 20.000, 30.000, "/m/01j3sz,/m/09x0r,/t/dd00001,/t/dd00125"
BwQQ-g4t9lI, 30.000, 40.000, "/t/dd00001"
C5kmOK_l4jc, 0.000, 10.000, "/m/09x0r,/m/0ytgt,/t/dd00001"
CINuh1cUWIY, 0.000, 10.000, "/m/01j3sz,/t/dd00001"
CIg_qKWU5WE, 540.000, 550.000, "/m/04rlf,/m/07r660_,/t/dd00001,/t/dd00125"
CLGQ76jEYPg, 20.000, 30.000, "/m/04rlf,/t/dd00001,/t/dd00126"
CMpGZumnWRk, 30.000, 40.000, "/m/09x0r,/t/dd00001"
CQb6TeKvGto, 0.000, 10.000, "/t/dd00001,/t/dd00125"
CV-e4j8BcTY, 90.000, 100.000, "/m/09x0r,/t/dd00001"
CnqEQtUHZbo, 30.000, 40.000, "/m/07rgt08,/m/09x0r,/t/dd00001"
CoU--V817p4, 40.000, 50.000, "/m/09x0r,/t/dd00001"
CorFlN5cuf4, 13.000, 23.000, "/m/04rlf,/m/07rgt08,/t/dd00001"
D-jAbma4lW4, 390.000, 400.000, "/m/07r660_,/m/09x0r,/m/0ytgt,/t/dd00001,/t/dd00125"
D1G9bbq54yY, 80.000, 90.000, "/t/dd00001"
D2-Rg8oftng, 30.000, 40.000, "/m/09x0r,/m/0ytgt,/t/dd00001"
DGGmJUd8a70, 21.000, 31.000, "/m/04rlf,/m/07rgt08,/m/09x0r,/t/dd00001"
DNRAtEjQQjY, 40.000, 50.000, "/m/01j3sz,/m/0261r1,/t/dd00001"
DTHjyhx9tLE, 0.000, 10.000, "/m/04rlf,/t/dd00001"
DlK33z82-Ak, 30.000, 40.000, "/m/07rgt08,/t/dd00001"
DzBk5VyuobA, 30.000, 40.000, "/m/0463cq4,/m/09x0r,/t/dd00001"
E0CaC-gyAuo, 30.000, 40.000, "/m/07rgt08,/t/dd00001"
E0pr-j4vARM, 20.000, 30.000, "/m/01j3sz,/t/dd00001"
ETn6CUxtQeE, 40.000, 50.000, "/m/04rlf,/m/09x0r,/t/dd00001"
Eg8L23G6xrg, 0.000, 10.000, "/m/01j3sz,/m/09x0r,/t/dd00001"
ExBOM3fLwjE, 360.000, 370.000, "/t/dd00001"
EyBd9s1G3lw, 50.000, 60.000, "/m/07sq110,/m/09x0r,/t/dd00001"
FAfOfEgQnH4, 0.000, 10.000, "/m/09x0r,/t/dd00001"
FQUn70b4dUQ, 30.000, 40.000, "/t/dd00001"
FUrdx1km6Lw, 19.000, 29.000, "/m/07rgt08,/m/07s04w4,/m/09x0r,/t/dd00001"
FcPaxEeaGJE, 90.000, 100.000, "/m/09x0r,/t/dd00001"
Fv6V8fqtGYk, 60.000, 70.000, "/m/09x0r,/t/dd00001,/t/dd00129"
FzWvQ367WL8, 20.000, 30.000, "/m/01j3sz,/m/04rlf,/m/07r660_,/m/07sq110,/t/dd00001"
G-5dzYIB85A, 10.000, 20.000, "/m/01j3sz,/t/dd00001"
G089sqVaB00, 0.000, 10.000, "/m/01j3sz,/m/02p3nc,/m/04rlf,/t/dd00001"
GEPjYPKuUR8, 90.000, 100.000, "/m/01j3sz,/m/09x0r,/t/dd00001"
GEoZoRyYc1Q, 90.000, 100.000, "/m/01j3sz,/t/dd00001"
GJqlp1OWKhs, 10.000, 20.000, "/m/04rlf,/m/07sq110,/t/dd00001"
G_ohxWhxWrE, 50.000, 60.000, "/m/01j3sz,/t/dd00001"
Gf2xgs3ZrfE, 0.000, 10.000, "/m/07sq110,/t/dd00001"
GrOc3L3EB8k, 10.000, 20.000, "/m/01j3sz,/m/04rlf,/m/09x0r,/t/dd00001"
GtDYA6XMieE, 5.000, 15.000, "/m/07s04w4,/m/09x0r,/t/dd00001"
H1u4PtqVFMg, 370.000, 380.000, "/m/09x0r,/t/dd00001,/t/dd00125"
H28VuSjNB-g, 40.000, 50.000, "/m/09x0r,/t/dd00001"
H6mvDgGbq_8, 10.000, 20.000, "/t/dd00001"
HDAyQJv4iZQ, 90.000, 100.000, "/m/01j3sz,/t/dd00001"
HHspg8jq04c, 70.000, 80.000, "/m/0261r1,/t/dd00001,/t/dd00125"
HaCfZHSzX9c, 10.000, 20.000, "/m/01j3sz,/t/dd00001,/t/dd00125"
HhSeS_Tqn9Q, 60.000, 70.000, "/m/01j3sz,/m/09x0r,/t/dd00001"
HlGHsjUC2lg, 30.000, 40.000, "/m/07s04w4,/t/dd00001"
HpwCs7Gnc24, 30.000, 40.000, "/m/07rgt08,/m/09x0r,/t/dd00001"
HsYAvHORt7M, 30.000, 40.000, "/m/07s04w4,/t/dd00001"
HslqglM6w2U, 90.000, 100.000, "/m/01j3sz,/t/dd00001"
HwXzxuv-tuQ, 120.000, 130.000, "/m/01h8n0,/m/09x0r,/m/0ytgt,/t/dd00001"
I7oiTxMt-xA, 110.000, 120.000, "/m/01j3sz,/m/09x0r,/t/dd00001,/t/dd00125"
I9oECgVLHOs, 0.000, 10.000, "/m/01j3sz,/m/07r660_,/t/dd00001"
Icy8HeqnwKo, 30.000, 40.000, "/m/07s04w4,/m/09x0r,/t/dd00001"
IlhLmdwpKf4, 150.000, 160.000, "/m/09x0r,/m/0ytgt,/t/dd00001,/t/dd00125"
InCDjnUcROI, 30.000, 40.000, "/m/07rgt08,/m/07s04w4,/t/dd00001"
ItRCa5RJBX8, 0.000, 10.000, "/m/01j3sz,/t/dd00001"
IvrY10SS6jU, 30.000, 40.000, "/t/dd00001"
J4VmI6wWzIg, 0.000, 10.000, "/m/01j3sz,/m/07sq110,/t/dd00001"
JF0t2sjl1Ow, 10.000, 20.000, "/m/01j3sz,/m/09x0r,/t/dd00001"
JNfvVNgDmT8, 190.000, 200.000, "/m/01j3sz,/m/09x0r,/m/0ytgt,/t/dd00001"
JVnyQw8ORJQ, 10.000, 20.000, "/t/dd00001"
Jd4plPZCdL0, 90.000, 100.000, "/m/07r660_,/m/09x0r,/m/0ytgt,/t/dd00001,/t/dd00126"
JowRAi5YGi4, 40.000, 50.000, "/m/09x0r,/t/dd00001"
Jxhsq-9YSA0, 90.000, 100.000, "/m/01j3sz,/m/09x0r,/t/dd00001"
Jxp5TYFGykM, 0.000, 10.000, "/m/09x0r,/m/0ytgt,/t/dd00001,/t/dd00125"
KCA9dQCeJM0, 40.000, 50.000, "/m/07sq110,/t/dd00001,/t/dd00125"
KEVdm0l65rw, 30.000, 40.000, "/t/dd00001"
KLUS3C6ry30, 10.000, 20.000, "/m/01j3sz,/t/dd00001"
KZhSh9lwAoI, 20.000, 30.000, "/m/01j3sz,/m/04rlf,/m/09x0r,/t/dd00001"
KZvdxCXpMcY, 30.000, 40.000, "/m/07rgt08,/m/07s04w4,/m/07sq110,/m/09x0r,/m/0ytgt,/t/dd00001"
KbMUIEt8Nuc, 170.000, 180.000, "/m/07r660_,/m/09x0r,/t/dd00001,/t/dd00125"
KeX5WjiLK-M, 220.000, 230.000, "/m/09x0r,/m/0ytgt,/t/dd00001,/t/dd00125"
KgyAR4kY0WI, 190.000, 200.000, "/m/09x0r,/t/dd00001,/t/dd00125"
KliVsEcJ1Do, 130.000, 140.000, "/m/07r660_,/m/07sq110,/m/09x0r,/t/dd00001,/t/dd00125"
KmAuHfr1JqE, 30.000, 40.000, "/m/07s04w4,/m/09x0r,/t/dd00001"
KuPTlnhDHsI, 90.000, 100.000, "/m/01j3sz,/t/dd00001"
KwiSnqxMzz8, 0.000, 10.000, "/m/01j3sz,/m/09x0r,/t/dd00001"
L-k3lFuQ3iM, 30.000, 40.000, "/m/07rgt08,/m/09x0r,/t/dd00001"
L162DrAbH3g, 90.000, 100.000, "/m/01j3sz,/t/dd00001"
LJq-5ezB4CY, 0.000, 10.000, "/m/09x0r,/m/0ytgt,/t/dd00001"
LTHcFJdkiHQ, 30.000, 40.000, "/m/07rgt08,/m/07s04w4,/m/09x0r,/t/dd00001"
LTpImETgbGY, 10.000, 20.000, "/m/04rlf,/m/07r660_,/m/09x0r,/t/dd00001"
LggsuCtGajU, 40.000, 50.000, "/m/01j3sz,/t/dd00001"
LitaFzObEEk, 20.000, 30.000, "/m/01j3sz,/t/dd00001"
LjTgTrETuPA, 20.000, 30.000, "/m/01j3sz,/t/dd00001"
LsqusWNH-V0, 10.000, 20.000, "/m/01j3sz,/m/09x0r,/t/dd00001"
LzniXR66W_Y, 100.000, 110.000, "/m/04rlf,/m/09x0r,/t/dd00001"
M6Vp46CNO8M, 29.000, 39.000, "/m/07s04w4,/t/dd00001"
MI_46qw_pcE, 10.000, 20.000, "/m/01j3sz,/m/09x0r,/t/dd00001"
MRe1Yhoo6sw, 20.000, 30.000, "/m/09x0r,/t/dd00001"
MfhZ9nX6v14, 20.000, 30.000, "/m/068hy,/m/0bt9lr,/m/0jbk,/t/dd00001,/t/dd00125"
MmiImX_7cj4, 70.000, 80.000, "/m/04rlf,/m/07sq110,/t/dd00001,/t/dd00125"
Mo-Z_28McaI, 90.000, 100.000, "/m/01j3sz,/m/09x0r,/t/dd00001"
MqvjPZwcFao, 30.000, 40.000, "/m/07rgt08,/t/dd00001"
MrIfjRInMLU, 0.000, 10.000, "/m/01j3sz,/t/dd00001"
MrewdxnbM2c, 50.000, 60.000, "/m/01j3sz,/m/09x0r,/t/dd00001"
MuJwmPPu__Y, 50.000, 60.000, "/m/09x0r,/t/dd00001,/t/dd00128"
MzGp9Hfbhlk, 30.000, 40.000, "/m/01j3sz,/m/04rlf,/m/05r5wn,/m/07qn4z3,/m/07r660_,/m/07sq110,/t/dd00001"
N-8udBYylyU, 20.000, 30.000, "/t/dd00001,/t/dd00125"
N-jJCxh7tqI, 10.000, 20.000, "/m/01j3sz,/t/dd00001"
N0RMZy1TcNE, 10.000, 20.000, "/m/01j3sz,/t/dd00001"
N1nDtYgpppI, 0.000, 10.000, "/m/01j3sz,/m/07sq110,/m/09x0r,/t/dd00001"
N4PFHiUFJhg, 10.000, 20.000, "/m/04rlf,/m/09x0r,/m/0ytgt,/t/dd00001"
N79HbPQPq_g, 160.000, 170.000, "/m/01j3sz,/t/dd00001"
NC30VSM-raQ, 70.000, 80.000, "/m/01b_21,/m/01j3sz,/m/07sq110,/t/dd00001"
NFtFzwAxnpM, 0.000, 10.000, "/m/07r660_,/m/09x0r,/m/0ytgt,/t/dd00001,/t/dd00125"
NN16xoDnGpo, 40.000, 50.000, "/m/01j3sz,/t/dd00001"
NPSrSRwuz3Y, 40.000, 50.000, "/m/02p3nc,/m/09x0r,/t/dd00001"
NPn6c2LcMkQ, 30.000, 40.000, "/m/07s04w4,/t/dd00001"
NQKRncc6YX8, 30.000, 40.000, "/t/dd00001"
NaKZ0NuMlPU, 11.000, 21.000, "/m/07s04w4,/m/09x0r,/t/dd00001"
NkEhR12LUsM, 30.000, 40.000, "/m/07s04w4,/m/09x0r,/t/dd00001"
NmSWk0ZMobQ, 40.000, 50.000, "/m/04rlf,/m/09x0r,/m/0ytgt,/t/dd00001,/t/dd00125"
NoOEjmc6mBA, 0.000, 10.000, "/m/01j3sz,/m/04rlf,/m/09x0r,/t/dd00001"
NtrhGuE0y64, 20.000, 30.000, "/m/01j3sz,/m/05tny_,/m/068hy,/m/09x0r,/m/0bt9lr,/m/0jbk,/t/dd00001"
NyE1NY8TFnE, 20.000, 30.000, "/m/01j3sz,/t/dd00001"
O1wEumOtzEw, 10.000, 20.000, "/m/07sq110,/t/dd00001"
O4sAop-5kIs, 110.000, 120.000, "/m/09x0r,/t/dd00001"
OKRVO1q8Lik, 0.000, 10.000, "/m/09x0r,/t/dd00001"
OOX_Pf-aIoQ, 90.000, 100.000, "/m/01j3sz,/t/dd00001"
OQwzQLvGJkI, 10.000, 20.000, "/m/01b_21,/m/09x0r,/t/dd00001"
OUm1mLDP6mA, 70.000, 80.000, "/t/dd00001,/t/dd00125"
OVi86QI_MnM, 80.000, 90.000, "/t/dd00001"
OWESGy9QJTc, 10.000, 20.000, "/t/dd00001"
OWnUAFNYHx8, 30.000, 40.000, "/m/09x0r,/t/dd00001"
OecTbbF9K5w, 0.000, 10.000, "/m/0261r1,/m/09x0r,/t/dd00001"
OhsIM6TUrbI, 90.000, 100.000, "/t/dd00001"
Owf98ksVwhM, 30.000, 40.000, "/m/09x0r,/t/dd00001"
P-S0Pxh8QoY, 50.000, 60.000, "/m/01j3sz,/m/09x0r,/t/dd00001"
P-Yni8zTL60, 110.000, 120.000, "/m/01j3sz,/m/09x0r,/t/dd00001,/t/dd00125"
PKSesKWpQm8, 0.000, 10.000, "/m/09x0r,/t/dd00001"
PZ1jCV5xThk, 0.000, 7.000, "/m/07rgt08,/m/07s04w4,/m/09x0r,/t/dd00001"
PZNBUn-euvk, 330.000, 340.000, "/m/04rlf,/m/09x0r,/t/dd00001,/t/dd00125"
Pa4K9xb7Qa8, 1.000, 11.000, "/m/01j3sz,/m/04rlf,/t/dd00001"
PiR5NZJgdHA, 250.000, 260.000, "/m/01j3sz,/m/09x0r,/t/dd00001"
Q24BcZbnBec, 70.000, 80.000, "/m/01j3sz,/t/dd00001"
Q5I7m66PfHU, 90.000, 100.000, "/m/01j3sz,/m/09x0r,/t/dd00001"
QCP0qLOICec, 50.000, 60.000, "/m/07r660_,/m/07sq110,/m/09x0r,/t/dd00001,/t/dd00125"
QJtSTtKVChM, 330.000, 340.000, "/m/09x0r,/t/dd00001,/t/dd00125"
Qd4yi1T3KMQ, 0.000, 10.000, "/m/01j3sz,/t/dd00001"
QdxhUzjzgPY, 150.000, 160.000, "/m/09x0r,/m/0ytgt,/t/dd00001,/t/dd00125"
QevfaVBm_vM, 40.000, 50.000, "/m/01j3sz,/m/09x0r,/t/dd00001,/t/dd00125"
QlcjMEYl8sE, 30.000, 40.000, "/m/07rgt08,/m/07s04w4,/t/dd00001"
Qon10uDF0WA, 40.000, 50.000, "/m/04rlf,/m/07r660_,/m/09x0r,/t/dd00001"
QrJ3q0Qa3zE, 30.000, 40.000, "/m/07s04w4,/m/09x0r,/t/dd00001"
R3U_bjnVyHo, 30.000, 40.000, "/m/07rgt08,/m/07s04w4,/t/dd00001"
RB44EBCHQig, 20.000, 30.000, "/m/01j3sz,/t/dd00001"
RBamb1HJweg, 120.000, 130.000, "/m/04rlf,/t/dd00001"
RBngMM1GJXc, 16.000, 26.000, "/t/dd00001"
RLiHf1zIuXY, 50.000, 60.000, "/m/01j3sz,/m/09x0r,/t/dd00001"
RNCAx2YrngQ, 10.000, 20.000, "/m/01j3sz,/m/04rlf,/m/09x0r,/t/dd00001"
RNLr0YlWOk4, 9.000, 19.000, "/m/09x0r,/t/dd00001"
RNwfG-x2iRk, 30.000, 40.000, "/t/dd00001"
RQTOfudVQBQ, 0.000, 10.000, "/m/04rlf,/m/09x0r,/t/dd00001,/t/dd00125"
RUc-MEYCgus, 0.000, 10.000, "/m/09x0r,/t/dd00001"
RWLNxj6qGUs, 80.000, 90.000, "/m/04rlf,/m/07sq110,/m/09x0r,/t/dd00001"
RZUUESPZlB8, 40.000, 50.000, "/m/01j3sz,/m/07sq110,/t/dd00001"
RerfgviIZGk, 30.000, 40.000, "/m/07r_k2n,/m/09x0r,/t/dd00001"
Rx6apw0KEbo, 340.000, 350.000, "/m/07sq110,/m/09x0r,/t/dd00001"
RzYj8Ut_eo4, 0.000, 10.000, "/t/dd00001"
S-AKvTAmWsM, 30.000, 40.000, "/m/07rgt08,/t/dd00001"
S3fEZiduxX4, 8.000, 18.000, "/m/09x0r,/t/dd00001"
SHA0im4Hv4I, 0.000, 10.000, "/m/01j3sz,/t/dd00001"
S_NCgPE3dvw, 20.000, 30.000, "/m/01j3sz,/m/07sq110,/t/dd00001"
SecUr-DAjG8, 100.000, 110.000, "/t/dd00001"
SfkLZAzEWHs, 80.000, 90.000, "/m/04rlf,/m/05fw6t,/t/dd00001"
Sq3WO8tTndI, 0.000, 10.000, "/m/01j3sz,/m/09x0r,/t/dd00001"
SuHiI-nCkZU, 17.000, 27.000, "/m/07rgt08,/m/07s04w4,/m/09x0r,/t/dd00001"
SyHxYHBIt5o, 40.000, 50.000, "/m/09x0r,/t/dd00001"
SzUQRU4dvIQ, 40.000, 50.000, "/m/015p6,/m/01j3sz,/m/09x0r,/t/dd00001,/t/dd00125"
T89y6lwH1Zg, 30.000, 40.000, "/m/04rlf,/m/07rgt08,/m/07s04w4,/m/09x0r,/t/dd00001"
T90GxRy575A, 180.000, 190.000, "/m/04rlf,/m/07r660_,/m/09x0r,/t/dd00001,/t/dd00128"
T9BSxYTglUw, 10.000, 20.000, "/m/01j3sz,/m/09x0r,/t/dd00001"
TOmu9IUtiso, 40.000, 50.000, "/m/0261r1,/t/dd00001"
TSY1vnYIZ1M, 120.000, 130.000, "/m/01j3sz,/t/dd00001"
TXDKiFYMZS8, 230.000, 240.000, "/m/01j3sz,/m/09x0r,/t/dd00001,/t/dd00125"
TnhGZkGhA3U, 20.000, 30.000, "/m/0261r1,/m/09x0r,/t/dd00001,/t/dd00125"
TpRab34hFKM, 10.000, 20.000, "/m/01j3sz,/m/07s04w4,/m/09x0r,/t/dd00001"
Ts8fgy1LuUI, 2.000, 12.000, "/m/09x0r,/t/dd00001"
U-vFWXy408E, 10.000, 20.000, "/m/01j3sz,/m/05zppz,/m/09x0r,/t/dd00001"
U6WEUc9p9i0, 310.000, 320.000, "/m/09x0r,/t/dd00001,/t/dd00125,/t/dd00128"
UINlIiZv47w, 40.000, 50.000, "/m/01j3sz,/m/09x0r,/t/dd00001,/t/dd00125"
UOJFL-fXvEM, 10.000, 20.000, "/m/04rlf,/m/07r660_,/t/dd00001"
U_PXdu6auvI, 30.000, 40.000, "/t/dd00001"
UdeaxjtefbQ, 30.000, 40.000, "/m/07s04w4,/m/09x0r,/t/dd00001"
UpoCeInWowY, 40.000, 50.000, "/m/01j3sz,/t/dd00001"
UrLBGJFM2vQ, 10.000, 20.000, "/m/09x0r,/m/0ytgt,/t/dd00001"
UtJlZdqvqoQ, 90.000, 100.000, "/m/01j3sz,/t/dd00001"
UyAs6ENFCFo, 0.000, 10.000, "/m/01j3sz,/m/07sq110,/t/dd00001"
Uybtn8LcMXY, 20.000, 30.000, "/m/01j3sz,/m/09x0r,/m/0lyf6,/t/dd00001"
V3qvoqvuUSI, 90.000, 100.000, "/m/01j3sz,/m/09x0r,/t/dd00001"
V3sCaAIW6ZY, 10.000, 20.000, "/m/01j3sz,/m/07sq110,/t/dd00001"
V8vqUUujeNo, 560.000, 570.000, "/t/dd00001,/t/dd00125"
VC9Zj1xf_Zc, 0.000, 10.000, "/m/01j3sz,/m/07sq110,/t/dd00001"
VEos_Z3Emvs, 10.000, 20.000, "/m/04rlf,/m/09x0r,/t/dd00001"
VPWDdoixoVI, 10.000, 20.000, "/m/01j3sz,/m/07rgt08,/m/09x0r,/t/dd00001"
VeFQXpzZhwY, 100.000, 110.000, "/m/01j3sz,/m/07rgt08,/m/07sq110,/m/09x0r,/t/dd00001"
Vfx-UtTBC4Y, 0.000, 10.000, "/m/01j3sz,/m/09x0r,/t/dd00001"
Vv-mnAVQmIM, 260.000, 270.000, "/t/dd00001"
W1LTDi-xsxw, 20.000, 30.000, "/m/01hsr_,/m/09x0r,/t/dd00001"
W5QwHjHf7fc, 90.000, 100.000, "/m/01j3sz,/m/09x0r,/t/dd00001"
W74YezK2mgs, 20.000, 30.000, "/m/01j3sz,/m/07sq110,/t/dd00001"
W97EGJa5rCU, 30.000, 40.000, "/m/09x0r,/t/dd00001,/t/dd00125"
W9xXGUz685M, 30.000, 40.000, "/t/dd00001"
WCeiVNDg4pY, 30.000, 40.000, "/m/07rgt08,/t/dd00001"
WH1tc2FKVv4, 30.000, 40.000, "/m/04rlf,/m/07rgt08,/m/09x0r,/t/dd00001"
WJKY4cvBV10, 90.000, 100.000, "/m/01j3sz,/m/07sq110,/m/09x0r,/t/dd00001,/t/dd00125"
WJyXXaDgi4A, 30.000, 40.000, "/m/01j3sz,/m/09x0r,/t/dd00001"
WOOjZkvFNUc, 0.000, 10.000, "/m/01j3sz,/t/dd00001"
WQ6K-QqiayQ, 0.000, 10.000, "/m/01j3sz,/t/dd00001"
WQwiDeicdKk, 110.000, 120.000, "/t/dd00001,/t/dd00126"
WROWEp0BPWM, 40.000, 50.000, "/m/09x0r,/t/dd00001,/t/dd00125"
WiG5VdbqDMs, 20.000, 30.000, "/m/01j3sz,/t/dd00001"
WnrS8oyJZ5A, 40.000, 50.000, "/m/01j3sz,/m/09x0r,/t/dd00001"
Wy4pGheJyYM, 400.000, 410.000, "/m/07r660_,/t/dd00001"
XCHrh6VrUyA, 240.000, 250.000, "/t/dd00001"
XJDq-e8g0W4, 30.000, 40.000, "/m/07rgt08,/m/09x0r,/t/dd00001"
XLCQOcLA8YQ, 90.000, 100.000, "/m/09x0r,/t/dd00001"
XMBfIc78m-4, 30.000, 40.000, "/t/dd00001"
XSGwkD6RqCI, 0.000, 10.000, "/m/01j3sz,/t/dd00001"
XSmp-G0URDg, 0.000, 10.000, "/m/09x0r,/m/0ytgt,/t/dd00001,/t/dd00125"
XXAAElWesTk, 110.000, 120.000, "/m/01j3sz,/m/03dnzn,/t/dd00001"
Xf9aBFVWJDg, 20.000, 30.000, "/m/07sq110,/t/dd00001,/t/dd00125"
XfYs2pF5W9M, 50.000, 60.000, "/m/01j3sz,/m/07r660_,/t/dd00001"
XnPadCCXV-E, 90.000, 100.000, "/m/01j3sz,/t/dd00001,/t/dd00125"
Xty7Z0vaEME, 60.000, 70.000, "/t/dd00001"
XweZLPzhovE, 10.000, 20.000, "/m/07sq110,/m/09x0r,/t/dd00001"
Y6EVXFZJUTY, 50.000, 60.000, "/m/01j3sz,/m/0261r1,/m/04rlf,/m/09x0r,/t/dd00001"
Y6Gkctmbzdk, 90.000, 100.000, "/m/01j3sz,/m/02_nn,/t/dd00001"
Y735cxoG5-4, 270.000, 280.000, "/m/09x0r,/t/dd00001,/t/dd00125"
Y93DPiQQ0Ak, 0.000, 10.000, "/m/09x0r,/m/0ytgt,/t/dd00001"
YAsmflDVkjo, 10.000, 20.000, "/m/01j3sz,/m/07sq110,/t/dd00001"
YQ1lQhfKcQI, 120.000, 130.000, "/m/09x0r,/m/0ytgt,/t/dd00001"
YSksGZfqF6g, 20.000, 30.000, "/m/01j3sz,/m/07r660_,/t/dd00001"
YZsAzSDI5_g, 140.000, 150.000, "/m/01j3sz,/t/dd00001"
YkAnDp8IhdA, 0.000, 10.000, "/m/09x0r,/t/dd00001,/t/dd00126"
Yp-KcwOsFNw, 90.000, 100.000, "/t/dd00001"
YtQca0owcNU, 10.000, 20.000, "/m/01j3sz,/m/07sq110,/m/09x0r,/t/dd00001"
Yvpz4sG6nOU, 30.000, 40.000, "/m/07rgt08,/m/07s04w4,/m/09x0r,/t/dd00001"
Z4swZ90lbGY, 10.000, 20.000, "/m/01j3sz,/t/dd00001"
ZKzgWTBynqw, 80.000, 90.000, "/m/07sq110,/m/09x0r,/m/0ytgt,/t/dd00001"
ZOSpU3MHnOc, 30.000, 40.000, "/m/01j3sz,/m/02p3nc,/t/dd00001"
ZfGHwS5ZcqY, 0.000, 10.000, "/m/01b_21,/m/01j3sz,/m/09x0r,/t/dd00001"
Zgpcz4Fj_BI, 30.000, 40.000, "/m/01j3sz,/m/0261r1,/t/dd00001"
ZhvjWWCedpw, 40.000, 50.000, "/m/01j3sz,/m/09x0r,/t/dd00001"
ZqDZsbL-TlM, 30.000, 40.000, "/m/01j3sz,/t/dd00001"
Zu7BkwOJptk, 10.000, 20.000, "/m/01j3sz,/m/04rlf,/m/09x0r,/t/dd00001"
Zyd4E6_gMo8, 110.000, 120.000, "/m/01j3sz,/m/09x0r,/t/dd00001"
_540cGuw2H0, 70.000, 80.000, "/m/01j3sz,/t/dd00001"
_8DVd3NKuTA, 30.000, 40.000, "/m/01j3sz,/t/dd00001"
_D4kTqhXfew, 26.000, 36.000, "/m/07rgt08,/m/09x0r,/t/dd00001"
_DfvEc2IY6Q, 30.000, 40.000, "/m/09x0r,/t/dd00001,/t/dd00129"
_QBgP0QUL8Y, 10.000, 20.000, "/m/02zsn,/m/09x0r,/t/dd00001"
_QWTQcdmovU, 60.000, 70.000, "/m/01j3sz,/m/0463cq4,/t/dd00001"
_W1M1thu_nw, 60.000, 70.000, "/m/04rlf,/t/dd00001"
_Ya9PYJRLmU, 22.000, 32.000, "/m/07rgt08,/m/07s04w4,/t/dd00001"
_fl8CWbYwaI, 60.000, 70.000, "/m/09x0r,/t/dd00001,/t/dd00125"
_jEiXxvBQp0, 120.000, 130.000, "/m/01j3sz,/m/09x0r,/t/dd00001"
_nHfZ3eN-gI, 10.000, 20.000, "/m/01j3sz,/m/09x0r,/t/dd00001,/t/dd00125"
_nbpEdv5Zg8, 30.000, 40.000, "/m/01j3sz,/m/068hy,/m/09x0r,/m/0bt9lr,/m/0jbk,/t/dd00001"
_p1Q1qCfXrQ, 30.000, 40.000, "/m/07s04w4,/t/dd00001"
_qQcNnPR-fE, 40.000, 50.000, "/m/09x0r,/t/dd00001"
a99GrFKHcWo, 120.000, 130.000, "/m/01j3sz,/t/dd00001"
a9b-A21adA4, 10.000, 20.000, "/m/01j3sz,/m/07sq110,/t/dd00001"
aM_udRtQXAM, 30.000, 40.000, "/m/07rgt08,/m/07s04w4,/t/dd00001"
aXeJGVBG99s, 50.000, 60.000, "/m/01j3sz,/m/0463cq4,/m/09x0r,/m/0ytgt,/t/dd00001,/t/dd00002"
aZLD-VRuBo8, 30.000, 40.000, "/m/07s04w4,/t/dd00001"
ab6_bB6iFI4, 40.000, 50.000, "/m/09x0r,/m/0ytgt,/t/dd00001,/t/dd00125"
amaJKBdFy3w, 40.000, 50.000, "/m/01j3sz,/t/dd00001"
aoc6Q-fsTKg, 10.000, 20.000, "/m/01j3sz,/t/dd00001"
ax6LijbFKyE, 50.000, 60.000, "/m/01j3sz,/m/01w250,/m/07r660_,/m/07sq110,/m/09x0r,/t/dd00001"
b-XBWHiuSio, 90.000, 100.000, "/m/09x0r,/t/dd00001"
b0PAqWWQI7c, 30.000, 40.000, "/m/01j3sz,/t/dd00001"
b3me0D5mgf0, 30.000, 40.000, "/m/01j3sz,/m/09x0r,/t/dd00001"
bBrp9Nuuws0, 80.000, 90.000, "/m/04rlf,/m/09x0r,/t/dd00001,/t/dd00125"
bH-3ttSqXhU, 360.000, 370.000, "/t/dd00001"
bTvnntIgrVQ, 30.000, 40.000, "/m/07rgt08,/t/dd00001"
bUT_1Mbhh0A, 0.000, 10.000, "/t/dd00001"
b_lTB8FPffk, 20.000, 30.000, "/m/07rgt08,/m/09x0r,/t/dd00001"
baXhHX9xKuY, 90.000, 100.000, "/m/04rlf,/m/09x0r,/t/dd00001"
beQuYXdbAIY, 90.000, 100.000, "/m/09x0r,/t/dd00001"
bk9xgrw3dp8, 30.000, 40.000, "/m/07sq110,/m/09x0r,/t/dd00001,/t/dd00125"
bkEaCmT4aHs, 60.000, 70.000, "/m/07sq110,/m/09x0r,/m/0ytgt,/t/dd00001,/t/dd00126"
blOZ9wPamoo, 30.000, 40.000, "/m/09x0r,/t/dd00001"
bpwsd9wZiKk, 50.000, 60.000, "/m/01j3sz,/m/09x0r,/t/dd00001"
brkJuQkhd0s, 70.000, 80.000, "/m/01j3sz,/m/07r660_,/m/09x0r,/t/dd00001"
bseC3mOYc3U, 20.000, 30.000, "/t/dd00001"
bwrvVDnCXFE, 30.000, 40.000, "/m/07rgt08,/m/07s04w4,/m/09x0r,/t/dd00001"
cKwUXSguGJ4, 160.000, 170.000, "/m/01j3sz,/m/07sq110,/m/09x0r,/t/dd00001"
cL5zgrlRceI, 80.000, 90.000, "/m/01b_21,/m/09x0r,/t/dd00001"
cMIgtKIXzuc, 270.000, 280.000, "/m/03qc9zr,/m/09x0r,/m/0ytgt,/t/dd00001,/t/dd00125"
cQeNLjYQgoA, 0.000, 10.000, "/m/01j3sz,/m/09x0r,/t/dd00001"
cVcw3VuU6L4, 170.000, 180.000, "/m/07sq110,/t/dd00001,/t/dd00125"
cYw-BmwU5ZU, 30.000, 40.000, "/m/09x0r,/t/dd00001,/t/dd00125"
caO807ZkzTs, 90.000, 100.000, "/m/09x0r,/m/0ytgt,/t/dd00001"
cgsUPDhVFKg, 80.000, 90.000, "/m/04rlf,/m/09x0r,/t/dd00001,/t/dd00125"
cr0GiZr0TNY, 10.000, 20.000, "/m/01j3sz,/t/dd00001"
d35nT_JrgQQ, 190.000, 200.000, "/m/09x0r,/m/0ytgt,/t/dd00001,/t/dd00125"
d7rgdFulWHg, 0.000, 10.000, "/m/09x0r,/t/dd00001,/t/dd00125"
d8WQjCsgckw, 70.000, 80.000, "/m/01j3sz,/t/dd00001"
d9ZLbpMqcKA, 20.000, 30.000, "/t/dd00001"
dFNG62WLBMk, 30.000, 40.000, "/m/09x0r,/t/dd00001,/t/dd00125"
dVFvvkVCBC8, 10.000, 20.000, "/m/01j3sz,/m/07r660_,/m/07sq110,/t/dd00001,/t/dd00126"
dl0hB3oqpUU, 30.000, 40.000, "/m/01j3sz,/m/09x0r,/t/dd00001"
dlNd0EFUzrU, 140.000, 150.000, "/m/07sq110,/m/09x0r,/m/0ytgt,/t/dd00001,/t/dd00125"
eCnea-Lj_aQ, 90.000, 100.000, "/t/dd00001"
eE1ZcHKjpSo, 20.000, 30.000, "/m/01j3sz,/t/dd00001"
eIq0Mkvrc7I, 0.000, 10.000, "/m/01j3sz,/m/02p3nc,/t/dd00001"
eJYRtTC3Tpg, 350.000, 360.000, "/m/09x0r,/t/dd00001,/t/dd00125"
eN5WDfSUvLQ, 0.000, 10.000, "/m/01hsr_,/m/01j3sz,/m/04rlf,/m/09x0r,/t/dd00001"
eQhEi7-onXw, 30.000, 40.000, "/m/01j3sz,/m/09x0r,/t/dd00001"
ebq8ROjY1FM, 30.000, 40.000, "/m/01j3sz,/t/dd00001"
eewcPSj0RT0, 260.000, 270.000, "/m/07r660_,/m/09x0r,/t/dd00001"
ehryvTV27Hw, 70.000, 80.000, "/m/09x0r,/m/0ytgt,/t/dd00001,/t/dd00126"
ekmvk4NL6tg, 40.000, 50.000, "/m/01j3sz,/t/dd00001"
elVNZHiP9oA, 40.000, 50.000, "/m/01j3sz,/t/dd00001"
epd6VO3PSUo, 20.000, 30.000, "/m/01j3sz,/t/dd00001"
eqOD_60nLOI, 30.000, 40.000, "/m/07rgt08,/t/dd00001"
eqiRoRrh6gI, 0.000, 10.000, "/m/09x0r,/t/dd00001"
esn6p9YCKCE, 70.000, 80.000, "/m/01j3sz,/m/02p3nc,/t/dd00001"
evmMzwES6bY, 20.000, 30.000, "/m/01j3sz,/t/dd00001"
ew8wO-femmA, 160.000, 170.000, "/m/09x0r,/t/dd00001,/t/dd00125"
f3LR6xsuazI, 90.000, 100.000, "/t/dd00001"
fAk2vdk9s7A, 80.000, 90.000, "/m/01j3sz,/m/09x0r,/t/dd00001"
fCroxVB8LrM, 12.000, 22.000, "/m/07s04w4,/t/dd00001"
fKSUaPHV8Zk, 50.000, 60.000, "/m/01j3sz,/m/09x0r,/t/dd00001"
fNlxlPvqLmw, 60.000, 70.000, "/m/01j3sz,/t/dd00001"
fRjOLbr_ccU, 10.000, 20.000, "/m/01j3sz,/m/09x0r,/t/dd00001"
fmML5tlw5Z0, 50.000, 60.000, "/m/09x0r,/t/dd00001"
fwp2AppO1sU, 20.000, 30.000, "/m/09x0r,/m/0ytgt,/t/dd00001"
fx6YWC4Wu5s, 300.000, 310.000, "/m/07sq110,/m/09x0r,/m/0ytgt,/t/dd00001,/t/dd00125"
g6pWRjFN1N4, 0.000, 10.000, "/m/09x0r,/t/dd00001"
gC7yCsD01yw, 10.000, 20.000, "/m/0261r1,/t/dd00001"
gINlL5L3gsI, 40.000, 50.000, "/m/04rlf,/m/0ytgt,/t/dd00001,/t/dd00126"
gTni0wOlklQ, 40.000, 50.000, "/m/01j3sz,/t/dd00001,/t/dd00125"
gX-zxxlziko, 160.000, 170.000, "/m/09x0r,/t/dd00001,/t/dd00125"
g_pB0E3kQ2g, 6.000, 16.000, "/m/09x0r,/t/dd00001"
g_vZ8JXZgYI, 80.000, 90.000, "/m/01j3sz,/t/dd00001"
gaaVQc_Y1PE, 30.000, 40.000, "/m/07s04w4,/m/09x0r,/t/dd00001"
gjDQGGvpHZI, 30.000, 40.000, "/t/dd00001"
go0f8eh4X4M, 110.000, 120.000, "/m/07r660_,/m/09x0r,/m/0ytgt,/t/dd00001,/t/dd00126"
gv4BAT3B3p4, 2.000, 12.000, "/t/dd00001"
gvF-YZOfnQw, 190.000, 200.000, "/m/01j3sz,/m/09x0r,/t/dd00001"
h4E0zcXbgA0, 90.000, 100.000, "/t/dd00001"
h6AWxH5yZu0, 30.000, 40.000, "/m/07rgt08,/t/dd00001"
hCoIUoK9xIg, 80.000, 90.000, "/m/02p3nc,/t/dd00001"
hEzIAbmLaes, 70.000, 80.000, "/t/dd00001"
hJ5Zo8Lvkz4, 340.000, 350.000, "/m/07r660_,/m/09x0r,/t/dd00001"
hLoSHKoagFU, 50.000, 60.000, "/m/01j3sz,/m/09x0r,/t/dd00001"
hOFGbJZ5aA8, 110.000, 120.000, "/m/09x0r,/m/0ytgt,/t/dd00001"
hb9MFx_of-0, 30.000, 40.000, "/m/07rgt08,/m/07s04w4,/m/09x0r,/t/dd00001"
hmqHKLHLJ8E, 21.000, 31.000, "/m/07rgt08,/m/09x0r,/t/dd00001"
hoSiYwRWWqQ, 140.000, 150.000, "/m/028v0c,/m/07sq110,/t/dd00001,/t/dd00125"
hs34eiDnyjs, 30.000, 40.000, "/m/09x0r,/t/dd00001"
i3ulACxAkvU, 50.000, 60.000, "/m/01j3sz,/t/dd00001"
iFboXys-QHQ, 80.000, 90.000, "/m/01j3sz,/m/09x0r,/t/dd00001"
iP1nDm6oex8, 180.000, 190.000, "/m/07sq110,/t/dd00001"
iZFmlvHjaPs, 30.000, 40.000, "/m/09x0r,/t/dd00001,/t/dd00125"
iaGeGqCEsJI, 30.000, 40.000, "/m/07rgt08,/t/dd00001"
ieDsgL16HTY, 90.000, 100.000, "/m/01j3sz,/m/09x0r,/t/dd00001"
ij9ZJVb80oo, 110.000, 120.000, "/m/09x0r,/t/dd00001"
j0Z7havvDEE, 30.000, 40.000, "/m/07s04w4,/m/09x0r,/t/dd00001"
j2ZiSc37bLU, 0.000, 10.000, "/t/dd00001,/t/dd00129"
j6ZzCiIRTPw, 30.000, 40.000, "/t/dd00001"
j8YAsL5u_IY, 0.000, 10.000, "/m/01j3sz,/m/09x0r,/t/dd00001"
jD9m-fiE6bw, 30.000, 40.000, "/m/09x0r,/t/dd00001"
jFYb9lnYYfM, 0.000, 10.000, "/m/04rlf,/m/09x0r,/t/dd00001"
jHj1JhZGxuI, 10.000, 20.000, "/m/07sq110,/m/09x0r,/t/dd00001"
jOFRh0SNY68, 0.000, 10.000, "/m/09x0r,/t/dd00001"
jPdYEvpjb0c, 250.000, 260.000, "/t/dd00001"
jSDQGILborg, 20.000, 30.000, "/m/01j3sz,/m/0261r1,/t/dd00001"
jTZLm9zHaKg, 90.000, 100.000, "/m/01j3sz,/t/dd00001"
jV3fTTkgR5Y, 10.000, 20.000, "/m/01j3sz,/m/04rlf,/m/09x0r,/t/dd00001"
jWHl6AsFfVU, 90.000, 100.000, "/m/01j3sz,/m/05zppz,/m/09x0r,/t/dd00001"
jWjBsftVKno, 280.000, 290.000, "/m/09x0r,/t/dd00001,/t/dd00125"
jbaZyROpitQ, 10.000, 20.000, "/m/01j3sz,/m/02p3nc,/t/dd00001"
jfRiWD8omOs, 170.000, 180.000, "/m/09x0r,/m/0ytgt,/t/dd00001"
jgLdhhsiMZo, 30.000, 40.000, "/m/07s04w4,/t/dd00001"
jlZWiX3Iqsc, 30.000, 40.000, "/m/015lz1,/m/09x0r,/t/dd00001,/t/dd00128"
jnqLR6zkAo8, 10.000, 20.000, "/m/01j3sz,/m/09x0r,/t/dd00001"
jyAVwXhbR5g, 30.000, 40.000, "/m/07rgt08,/t/dd00001"
k4GjJ02IHcs, 20.000, 30.000, "/m/01j3sz,/m/07sq110,/m/09x0r,/t/dd00001"
kE6P9FI6uKM, 70.000, 80.000, "/m/09x0r,/t/dd00001"
kInl1lquBpA, 30.000, 40.000, "/m/07rgt08,/m/09x0r,/t/dd00001"
kK36Of1FJSM, 30.000, 40.000, "/m/01j3sz,/m/07r660_,/m/09x0r,/t/dd00001,/t/dd00125"
kSCRypenZ70, 20.000, 30.000, "/m/01j3sz,/m/09x0r,/t/dd00001"
kW8oRl3ZO3M, 0.000, 10.000, "/m/01j3sz,/m/0463cq4,/t/dd00001,/t/dd00002"
kXkZeZo1tkg, 40.000, 50.000, "/m/04rlf,/m/07r660_,/m/09x0r,/t/dd00001"
kZ9wx9grEjU, 280.000, 290.000, "/m/09x0r,/t/dd00001,/t/dd00125"
k_Z0PcD8Z94, 60.000, 70.000, "/m/01j3sz,/m/05tny_,/m/0bt9lr,/m/0jbk,/t/dd00001"
kdnFxhQ1AaE, 80.000, 90.000, "/m/01j3sz,/t/dd00001"
krVVC45OZ0I, 6.000, 16.000, "/m/04rlf,/t/dd00001"
kwRiH4GkYgI, 27.000, 37.000, "/m/04rlf,/m/09x0r,/t/dd00001"
kykRU_67e94, 20.000, 30.000, "/m/01j3sz,/m/02p3nc,/m/09x0r,/t/dd00001"
lBNxfyemh8g, 40.000, 50.000, "/m/0463cq4,/m/09x0r,/m/0ytgt,/t/dd00001"
lBOQtMLG3CA, 80.000, 90.000, "/m/04rlf,/t/dd00001,/t/dd00125,/t/dd00126"
lCGEittF80c, 14.000, 24.000, "/m/09x0r,/t/dd00001"
lEahx0DrURw, 20.000, 30.000, "/m/01j3sz,/t/dd00001"
lJmCgG7AoFE, 0.000, 10.000, "/t/dd00001"
lMmARINmMCg, 30.000, 40.000, "/m/0261r1,/m/09x0r,/t/dd00001"
lOxaGG8QAhQ, 70.000, 80.000, "/m/01j3sz,/m/04rlf,/t/dd00001"
llboC9cnHZQ, 0.000, 10.000, "/m/04rlf,/m/09x0r,/t/dd00001"
lrc34Vwal5k, 210.000, 220.000, "/m/07sq110,/m/09x0r,/t/dd00001"
lsbY7yoa88M, 70.000, 80.000, "/m/09x0r,/t/dd00001,/t/dd00125"
lwb96iGdhZs, 210.000, 220.000, "/m/09x0r,/t/dd00001,/t/dd00125"
ly7KwKeIYfE, 30.000, 40.000, "/m/09x0r,/t/dd00001,/t/dd00125"
m2OBZqJ8qgI, 90.000, 100.000, "/m/01j3sz,/m/02p3nc,/m/09x0r,/t/dd00001"
m5UzW4ol8-E, 20.000, 30.000, "/m/01j3sz,/t/dd00001"
m732kHViRC0, 0.000, 10.000, "/m/01j3sz,/m/09x0r,/t/dd00001"
m8d5hkl0w0Y, 20.000, 30.000, "/m/09x0r,/t/dd00001,/t/dd00125"
mI2P76hEzGg, 0.000, 10.000, "/t/dd00001"
mTGxgXC-WuA, 20.000, 30.000, "/m/01j3sz,/m/07r660_,/m/09x0r,/t/dd00001"
mX54MgTvYDs, 20.000, 30.000, "/m/01j3sz,/t/dd00001"
mZOcPK8WkZ4, 90.000, 100.000, "/t/dd00001"
mdtNUxMh0Kg, 110.000, 120.000, "/t/dd00001"
mex3umYuA00, 90.000, 100.000, "/m/01j3sz,/t/dd00001"
mg546ucwci0, 0.000, 10.000, "/m/09x0r,/t/dd00001"
mjYavwHWPcU, 380.000, 390.000, "/m/09x0r,/m/0ytgt,/t/dd00001,/t/dd00125"
ms75d9J4k1c, 40.000, 50.000, "/m/04rlf,/t/dd00001"
myKkGpWXEFI, 50.000, 60.000, "/m/07sq110,/m/09x0r,/t/dd00001,/t/dd00126"
n1PqEEGJgOY, 60.000, 70.000, "/m/09x0r,/m/0ytgt,/t/dd00001"
n5XsHCQ61-8, 0.000, 10.000, "/t/dd00001"
n6r5badymUc, 0.000, 10.000, "/m/09x0r,/t/dd00001,/t/dd00125"
nBgsI3wt_jo, 70.000, 80.000, "/m/01j3sz,/m/09x0r,/t/dd00001"
nCv5z9NuCng, 90.000, 100.000, "/m/01j3sz,/m/09x0r,/t/dd00001"
nEUCtq5PkMs, 0.000, 10.000, "/m/01j3sz,/m/05zppz,/m/07sq110,/m/09x0r,/t/dd00001"
nG_MiPR4qbY, 30.000, 40.000, "/m/01j3sz,/m/07r660_,/t/dd00001"
nGb-w3L9QX4, 30.000, 40.000, "/m/01j3sz,/m/09x0r,/t/dd00001"
nI9ftKQGx70, 120.000, 130.000, "/m/01j3sz,/m/07sq110,/m/09x0r,/t/dd00001"
nLWTkhEy9XE, 0.000, 10.000, "/m/01j3sz,/m/09x0r,/t/dd00001"
nSQgvyQHa9Y, 0.000, 10.000, "/m/01j3sz,/t/dd00001"
nUBOpndM8qM, 30.000, 40.000, "/m/09x0r,/m/0ytgt,/t/dd00001,/t/dd00125"
nc_35m5WmRM, 20.000, 30.000, "/m/01j3sz,/m/04rlf,/t/dd00001"
nesS0d_hvUo, 10.000, 20.000, "/m/04rlf,/t/dd00001"
nkLoyd_-HYg, 8.000, 18.000, "/t/dd00001"
nlLQWRZOipc, 40.000, 50.000, "/m/01j3sz,/m/04rlf,/t/dd00001,/t/dd00125"
npsFmFCCjFU, 0.000, 10.000, "/m/09x0r,/t/dd00001,/t/dd00125"
nvzkJriRlZQ, 10.000, 20.000, "/m/01j3sz,/m/07r660_,/m/09x0r,/t/dd00001"
nzEo59X-j10, 30.000, 40.000, "/m/07rgt08,/t/dd00001"
o0IR0rXQVu8, 10.000, 20.000, "/m/04rlf,/m/09x0r,/t/dd00001"
o0eeuJlK__k, 10.000, 20.000, "/m/01j3sz,/t/dd00001"
o4Z9DJi8AJo, 50.000, 60.000, "/m/01j3sz,/m/02p3nc,/m/07sq110,/t/dd00001"
o8LPsj3hgPc, 40.000, 50.000, "/m/01j3sz,/m/04rlf,/t/dd00001"
oDKOegNAeyk, 0.000, 10.000, "/t/dd00001,/t/dd00125"
oNDU03wp3FE, 560.000, 570.000, "/m/09x0r,/t/dd00001"
oaKjgVILwDw, 0.000, 10.000, "/m/01j3sz,/t/dd00001"
ocNHPhhUUus, 0.000, 10.000, "/m/01j3sz,/t/dd00001"
ofwhbyAP4i8, 110.000, 120.000, "/m/01j3sz,/t/dd00001"
oqFAPH3FrIA, 90.000, 100.000, "/t/dd00001,/t/dd00125"
otMvYjprWJA, 0.000, 10.000, "/t/dd00001"
p95rtHcQ528, 30.000, 40.000, "/m/07rgt08,/m/07s04w4,/t/dd00001"
pHxmPuFCLEo, 30.000, 40.000, "/m/09x0r,/t/dd00001,/t/dd00125"
pK-cztM_rwA, 30.000, 40.000, "/t/dd00001,/t/dd00125"
pL08pJYxNUI, 0.000, 10.000, "/m/01j3sz,/t/dd00001"
pNOfxDIGTbs, 50.000, 60.000, "/m/09x0r,/t/dd00001"
pQxXcp55M3Q, 30.000, 40.000, "/m/01j3sz,/t/dd00001"
pT-UzPmDIpA, 20.000, 30.000, "/m/09x0r,/t/dd00001"
pUQg7Hok_38, 80.000, 90.000, "/m/01j3sz,/t/dd00001"
pYW8gaP2Eik, 60.000, 70.000, "/m/09x0r,/t/dd00001,/t/dd00125"
pe0tH9s0DL0, 10.000, 20.000, "/m/09x0r,/t/dd00001"
pg46E45aijY, 30.000, 40.000, "/m/07rgt08,/m/09x0r,/t/dd00001"
pj3-YgklaOI, 30.000, 40.000, "/m/09x0r,/t/dd00001"
pn6Cz7kvowA, 370.000, 380.000, "/m/04rlf,/m/09x0r,/m/0ytgt,/t/dd00001,/t/dd00126"
poMrhSi5mnY, 10.000, 20.000, "/m/07sq110,/m/09x0r,/t/dd00001,/t/dd00125"
pvBIOAXIAeU, 40.000, 50.000, "/m/01j3sz,/m/09x0r,/t/dd00001"
qCwg1AyGUcc, 20.000, 30.000, "/m/01j3sz,/t/dd00001"
qFeiVFkgXRc, 80.000, 90.000, "/m/09x0r,/m/0ytgt,/t/dd00001"
qGz8KEtJ1kI, 30.000, 40.000, "/m/01j3sz,/m/07sq110,/t/dd00001"
qIIUZUHMpao, 30.000, 40.000, "/m/07rgt08,/m/07s04w4,/t/dd00001"
qIihHIhrrOo, 40.000, 50.000, "/m/07sq110,/t/dd00001,/t/dd00125"
qLL5RA4UAR8, 90.000, 100.000, "/m/09x0r,/t/dd00001"
qNjH5ihchlk, 150.000, 160.000, "/m/01j3sz,/t/dd00001"
qPvaCj8edpM, 140.000, 150.000, "/m/09x0r,/t/dd00001,/t/dd00125"
qRtq46Q5XI8, 0.000, 10.000, "/m/07r660_,/m/09x0r,/t/dd00001"
qdXMVfO_BLM, 0.000, 10.000, "/m/09x0r,/t/dd00001"
qil2riPbM_k, 8.000, 18.000, "/m/07s04w4,/t/dd00001"
qmJapRDnXrQ, 30.000, 40.000, "/m/07rgt08,/t/dd00001"
qyreUUsi72I, 0.000, 10.000, "/m/07r660_,/t/dd00001,/t/dd00125"
r2ydhbuSkFs, 10.000, 20.000, "/m/07sq110,/m/09x0r,/t/dd00001,/t/dd00125"
rBidf6rQi8U, 0.000, 10.000, "/m/01j3sz,/m/07r660_,/m/09x0r,/t/dd00001,/t/dd00125"
rFwxCYnVv5A, 20.000, 30.000, "/m/03fwl,/m/07sq110,/m/09x0r,/m/0jbk,/m/0ytgt,/t/dd00001"
rGV5_a36rEw, 0.000, 10.000, "/t/dd00001"
rHjCq6n-BDI, 20.000, 30.000, "/m/01j3sz,/m/04rlf,/m/09x0r,/t/dd00001"
rPu7ppZVTuU, 200.000, 210.000, "/m/09x0r,/m/0ytgt,/t/dd00001,/t/dd00125"
rXzRFDy28Io, 60.000, 70.000, "/t/dd00001"
ra_d7hYEKXQ, 340.000, 350.000, "/m/04rlf,/m/07r660_,/m/09x0r,/t/dd00001,/t/dd00125"
rcFtQd9Rv1k, 10.000, 20.000, "/m/01j3sz,/t/dd00001"
rcHDUVRMjwU, 90.000, 100.000, "/m/01j3sz,/m/09x0r,/t/dd00001"
rgGLFy_IoqY, 40.000, 50.000, "/m/04rlf,/m/09x0r,/t/dd00001,/t/dd00125"
riCAT2iy1HY, 90.000, 100.000, "/m/01j3sz,/m/09x0r,/t/dd00001"
rmOLDsHfnvw, 30.000, 40.000, "/m/07rgt08,/t/dd00001"
rndDN7MLCGs, 10.000, 20.000, "/m/01j3sz,/m/05zppz,/m/07r660_,/m/09x0r,/t/dd00001"
rrGn5Sny_TE, 100.000, 110.000, "/m/09x0r,/t/dd00001"
rvO8ZxesByE, 0.000, 9.000, "/t/dd00001"
s0qnjhHcsuQ, 3.000, 13.000, "/m/09x0r,/t/dd00001"
s9QhUYiXu9I, 30.000, 40.000, "/m/07s04w4,/m/09x0r,/t/dd00001"
sDLR9cKIjU4, 10.000, 20.000, "/m/01j3sz,/m/02p3nc,/m/09x0r,/t/dd00001"
sKExnias3Ko, 90.000, 100.000, "/m/01j3sz,/m/0261r1,/m/09x0r,/t/dd00001,/t/dd00125"
sKHewcx-_mE, 120.000, 130.000, "/m/07sq110,/m/09x0r,/t/dd00001,/t/dd00126"
sLUnaPT5gM8, 0.000, 10.000, "/m/01j3sz,/t/dd00001"
sM_GgmCj5LA, 30.000, 40.000, "/m/09x0r,/t/dd00001"
sRT68j4VIW0, 50.000, 60.000, "/m/01j3sz,/m/02p3nc,/m/09x0r,/t/dd00001"
scEj_D7lm58, 0.000, 10.000, "/m/01j3sz,/t/dd00001"
sdmRW5UmmNk, 50.000, 60.000, "/m/01j3sz,/m/07r660_,/m/07sq110,/t/dd00001"
skLz87ixE48, 290.000, 300.000, "/m/01j3sz,/t/dd00001"
sx7qBKzUEYY, 10.000, 20.000, "/m/01j3sz,/m/09x0r,/t/dd00001,/t/dd00125"
t2vtCURoUo8, 90.000, 100.000, "/m/01j3sz,/m/09x0r,/t/dd00001"
tHrj5fWlkf8, 420.000, 430.000, "/m/09x0r,/t/dd00001,/t/dd00125"
tO_j4tdLRaA, 70.000, 80.000, "/m/01j3sz,/m/09x0r,/t/dd00001"
teB6VObtwN4, 24.000, 34.000, "/t/dd00001"
tkqD_vR-vYA, 80.000, 90.000, "/m/09x0r,/t/dd00001,/t/dd00125"
tp_MBvFqD7w, 0.000, 7.000, "/m/07pp8cl,/t/dd00001,/t/dd00125"
tuOiaUY29mQ, 220.000, 230.000, "/t/dd00001,/t/dd00125"
u-eJ6nSUQQc, 30.000, 40.000, "/m/07rgt08,/m/09x0r,/t/dd00001"
u89op5xq8HI, 50.000, 60.000, "/m/09x0r,/m/0ytgt,/t/dd00001,/t/dd00125"
uBjF8EEZxQ8, 30.000, 40.000, "/m/07rgt08,/m/09x0r,/t/dd00001"
uFknYDX4zH0, 20.000, 30.000, "/m/09x0r,/m/0ytgt,/t/dd00001,/t/dd00125"
uFrAmj0x7kk, 30.000, 40.000, "/t/dd00001"
uG7cz8t01x8, 0.000, 10.000, "/m/01hsr_,/m/01j3sz,/t/dd00001"
ubqJfhE0u0w, 30.000, 40.000, "/m/04rlf,/m/09x0r,/t/dd00001"
udjpvALBE04, 25.000, 35.000, "/m/07rgt08,/m/09x0r,/t/dd00001"
uk3jvivNmgQ, 30.000, 40.000, "/t/dd00001"
unZgMbPIpI8, 40.000, 50.000, "/m/09x0r,/t/dd00001"
uqnY_umDIHo, 0.000, 10.000, "/t/dd00001,/t/dd00125"
uxakcgrVbPk, 100.000, 110.000, "/t/dd00001"
v62b9YD7qj8, 0.000, 10.000, "/m/01j3sz,/t/dd00001"
v7twJdsAHSk, 590.000, 600.000, "/m/09x0r,/t/dd00001"
vGxPJj48jxc, 20.000, 30.000, "/m/01j3sz,/m/07sq110,/t/dd00001"
vI1CLG1bUuY, 11.000, 21.000, "/m/07s04w4,/t/dd00001"
vMSjr7OtlzI, 90.000, 100.000, "/m/01j3sz,/t/dd00001"
vUQenO8cEZQ, 80.000, 90.000, "/m/09x0r,/m/0ytgt,/t/dd00001,/t/dd00125"
vVArVWZm6dE, 0.000, 10.000, "/m/01j3sz,/m/09x0r,/t/dd00001,/t/dd00125"
vltoAeQwApY, 40.000, 50.000, "/m/01j3sz,/t/dd00001,/t/dd00126"
vswo4om6hdo, 10.000, 20.000, "/t/dd00001"
vt0fC9p8W8o, 0.000, 6.000, "/t/dd00001"
w0qb-yqjmn4, 520.000, 530.000, "/m/07r660_,/m/09x0r,/m/0ytgt,/t/dd00001"
w1XTubbBrw8, 0.000, 10.000, "/t/dd00001"
wGWxW4xEVJQ, 20.000, 30.000, "/m/01j3sz,/m/04rlf,/t/dd00001,/t/dd00125"
wIETrFAf_3U, 40.000, 50.000, "/m/01j3sz,/m/09x0r,/t/dd00001,/t/dd00125"
wJSvm9Y7GR4, 90.000, 100.000, "/m/01j3sz,/m/07sq110,/t/dd00001"
wOGwsvCAqEE, 10.000, 20.000, "/t/dd00001"
wPUzOZouREo, 110.000, 120.000, "/m/01j3sz,/t/dd00001"
wQQAw_CXSso, 0.000, 10.000, "/m/01j3sz,/m/09x0r,/t/dd00001"
wVLgovBQkrM, 30.000, 40.000, "/m/0463cq4,/m/07r660_,/m/09x0r,/m/0ytgt,/t/dd00001,/t/dd00002"
wVNJSvcTRGM, 30.000, 40.000, "/m/04rlf,/m/07rgt08,/m/07s04w4,/t/dd00001"
wYi_gWQXO24, 80.000, 90.000, "/m/015p6,/m/01j3sz,/m/068hy,/t/dd00001,/t/dd00125"
wbkVMbM3Y74, 470.000, 480.000, "/m/01j3sz,/m/04rlf,/m/09x0r,/t/dd00001,/t/dd00126"
wme6b2TL0as, 10.000, 20.000, "/m/01j3sz,/t/dd00001"
wrN9Ilq3H74, 0.000, 10.000, "/m/01j3sz,/t/dd00001"
wtcf9haQxeY, 60.000, 70.000, "/m/07sq110,/m/09x0r,/t/dd00001,/t/dd00125"
wwL7m3SjdUM, 0.000, 10.000, "/m/01j3sz,/m/04rlf,/t/dd00001"
x6bWE1lvz-4, 20.000, 30.000, "/m/07sq110,/m/09x0r,/t/dd00001"
xAAaxSwsE5g, 20.000, 30.000, "/m/01j3sz,/m/07r660_,/t/dd00001"
xBuxEXU6ZKk, 190.000, 200.000, "/t/dd00001,/t/dd00125"
xVtgBcbyLJk, 0.000, 10.000, "/m/01j3sz,/m/07sq110,/m/09x0r,/t/dd00001"
xdjA0WWAmi4, 30.000, 40.000, "/t/dd00001"
xotCDoHd2EU, 30.000, 40.000, "/m/07s04w4,/m/09x0r,/t/dd00001"
xpvTPSuE50M, 70.000, 80.000, "/m/09x0r,/t/dd00001"
xwoTcwpQ1N8, 290.000, 300.000, "/m/01j3sz,/m/07s04w4,/m/07sq110,/m/09x0r,/t/dd00001"
xzorNmYV7LU, 22.000, 32.000, "/m/09x0r,/t/dd00001"
y-1TFoQcdHk, 90.000, 100.000, "/m/09x0r,/t/dd00001"
y-buftBOpUk, 30.000, 40.000, "/m/07rgt08,/m/09x0r,/t/dd00001"
y65HInTgPXI, 570.000, 580.000, "/m/09x0r,/t/dd00001,/t/dd00125"
y7G-meRcLlY, 0.000, 10.000, "/m/09x0r,/t/dd00001"
yB4XQ81oqsQ, 0.000, 10.000, "/m/01j3sz,/t/dd00001"
yHrDUJFXxjY, 0.000, 10.000, "/m/01j3sz,/m/07sq110,/m/09x0r,/t/dd00001"
yK7tFxqiwzY, 120.000, 130.000, "/m/07r660_,/m/07sq110,/m/09x0r,/m/0ytgt,/t/dd00001"
yNPHkwQej_g, 390.000, 400.000, "/m/09x0r,/t/dd00001"
y_uo-3ZqLTg, 0.000, 10.000, "/m/09x0r,/t/dd00001"
ykF2Y10yDD0, 30.000, 40.000, "/m/07r660_,/m/07sq110,/m/09x0r,/t/dd00001"
ynL90jNXYms, 40.000, 50.000, "/m/01j3sz,/m/04rlf,/t/dd00001"
ynU8RWwzi5M, 140.000, 150.000, "/m/01j3sz,/m/09x0r,/m/0ytgt,/t/dd00001,/t/dd00125"
ynnk1RDuVb4, 30.000, 40.000, "/m/09x0r,/m/0ytgt,/t/dd00001"
yreFgzwFW7Q, 30.000, 40.000, "/m/01j3sz,/m/09x0r,/t/dd00001"
ysL5FSi0qvs, 160.000, 170.000, "/m/09x0r,/t/dd00001,/t/dd00125"
ytTT_HJeoOo, 10.000, 20.000, "/m/01j3sz,/m/07sq110,/t/dd00001"
z-ehTdI9hkk, 160.000, 170.000, "/m/07sq110,/m/09x0r,/t/dd00001"
z-xhI1P0lRE, 10.000, 20.000, "/m/01j3sz,/t/dd00001,/t/dd00125"
zAwejCRqrzk, 100.000, 110.000, "/m/01j3sz,/m/09x0r,/t/dd00001"
zBss6_xp75c, 20.000, 30.000, "/m/01j3sz,/m/09x0r,/t/dd00001"
zI6AFuCCYrA, 0.000, 10.000, "/t/dd00001,/t/dd00125"
zSXCcna0bic, 130.000, 140.000, "/m/01j3sz,/m/09x0r,/t/dd00001"
zcz5nb7m-Y4, 50.000, 60.000, "/m/09x0r,/t/dd00001,/t/dd00125"
zeYOrryTz-0, 20.000, 30.000, "/m/09x0r,/t/dd00001"
ziTvM--T_DA, 0.000, 10.000, "/m/07sq110,/m/09x0r,/t/dd00001"
zig_k426lYs, 23.000, 33.000, "/m/07rgt08,/t/dd00001"
zl90uE4R5q0, 70.000, 80.000, "/m/01j3sz,/m/04rlf,/t/dd00001"
zqUttot9sJE, 30.000, 40.000, "/m/01j3sz,/t/dd00001"
zqyRZiQG0OE, 70.000, 80.000, "/t/dd00001"
zsZr_xJ7ECQ, 20.000, 30.000, "/m/01j3sz,/m/09x0r,/t/dd00001"
zypD6zoI_J8, 170.000, 180.000, "/m/04rlf,/m/07sq110,/m/09x0r,/t/dd00001,/t/dd00125"
