--5OkAjCI7g, 40.000, 50.000, "/m/07sq110,/m/0ytgt"
-4kV3ulsTJc, 440.000, 450.000, "/m/07sq110,/t/dd00126"
-DIzyAwdDHg, 50.000, 60.000, "/m/07sq110,/m/09x0r,/t/dd00125"
-DzUDgNOPDw, 50.000, 60.000, "/m/01j3sz,/m/07sq110,/m/09x0r,/m/0ytgt"
-H53wmeBhwE, 20.000, 30.000, "/m/01j3sz,/m/07rgt08,/m/07sq110"
-HyUH30KfyE, 20.000, 30.000, "/m/01j3sz,/m/07sq110"
-VcqC_zuYGg, 70.000, 80.000, "/m/01j3sz,/m/07sq110,/m/09x0r,/t/dd00125"
-nK-nHIhoiM, 50.000, 60.000, "/m/01j3sz,/m/07sq110,/m/09x0r,/t/dd00001"
-xD-b8dp7Hs, 70.000, 80.000, "/m/07sq110,/m/09x0r,/m/0ytgt,/t/dd00125"
001MzJlnyqc, 20.000, 30.000, "/m/07sq110,/m/09x0r"
0BSidlvh4Ds, 30.000, 40.000, "/m/01z5f,/m/068hy,/m/07r_k2n,/m/07sq110,/m/09x0r,/m/0bt9lr,/m/0jbk,/t/dd00136"
0ELlA8EdtZw, 0.000, 10.000, "/m/07r660_,/m/07sq110,/m/09x0r,/m/0ytgt,/t/dd00125"
0G6OTYrqB2Y, 30.000, 40.000, "/m/01j3sz,/m/07r660_,/m/07sq110,/t/dd00001"
0L_HP5soc8o, 30.000, 40.000, "/m/07sq110,/m/09x0r,/t/dd00125"
0_dPlaI3bJo, 21.000, 31.000, "/m/01j3sz,/m/07r660_,/m/07sq110"
0asdEtc9_3s, 60.000, 70.000, "/m/07sq110,/m/0ytgt"
0cIAYwY_cno, 130.000, 140.000, "/m/04rlf,/m/07sq110,/m/09x0r,/t/dd00125"
0uJFVlaLwJ4, 320.000, 330.000, "/m/015lz1,/m/07r660_,/m/07sq110,/m/09x0r,/t/dd00125"
15KYBbP_Smc, 170.000, 180.000, "/m/01j3sz,/m/07sq110"
1JeG9jl6VzY, 340.000, 350.000, "/m/07sq110,/t/dd00125"
1KMeBhe5sm0, 310.000, 320.000, "/m/02p3nc,/m/07sq110,/m/09x0r"
1Lb-qqYjwgE, 590.000, 600.000, "/m/07sq110,/m/09x0r,/t/dd00001,/t/dd00125"
1SJcvP3DI6M, 30.000, 40.000, "/m/07sq110,/m/09x0r,/m/0ytgt"
1XH4aW_jgO0, 150.000, 160.000, "/m/07sq110,/t/dd00125"
1hNHrwXfk10, 340.000, 350.000, "/m/07sq110,/m/09x0r,/t/dd00001"
1yimvaW1so4, 10.000, 20.000, "/m/07sq110,/m/09x0r,/t/dd00126"
255pX8XH3qk, 30.000, 40.000, "/m/07sq110,/m/09x0r,/m/0ytgt,/t/dd00125"
2AK4RwpNzso, 20.000, 30.000, "/m/07sq110,/m/09x0r,/t/dd00125"
2DeWsERzaSY, 50.000, 60.000, "/m/01j3sz,/m/07sq110"
2WeWlHe-89g, 220.000, 230.000, "/m/07sq110,/m/09x0r"
2ZgnpjUvIt0, 30.000, 40.000, "/m/01j3sz,/m/07s04w4,/m/07sq110"
2bmPqur-JhM, 120.000, 130.000, "/m/07sq110"
2fKa9tQwQLk, 70.000, 80.000, "/m/07sq110"
33bdweWrdnw, 80.000, 90.000, "/m/01j3sz,/m/07sq110"
34WPdkxMAew, 210.000, 220.000, "/m/07sq110,/m/09x0r"
36CZ9uDXqAM, 50.000, 60.000, "/m/01j3sz,/m/04rlf,/m/07sq110,/m/09x0r"
39-REoHQ98s, 40.000, 50.000, "/m/01j3sz,/m/07sq110,/m/09x0r"
39iC8Wu1d8I, 70.000, 80.000, "/m/07sq110,/m/09x0r,/m/0k65p,/m/0l15bq"
3B8_AvjGIFc, 50.000, 60.000, "/m/07sq110,/m/09x0r"
3FE0GjL8pfs, 180.000, 190.000, "/m/07r660_,/m/07sq110,/m/09x0r,/t/dd00125"
3R5Uv5becck, 10.000, 20.000, "/m/01j3sz,/m/07sq110,/m/09x0r"
3RA26K_F3mQ, 30.000, 40.000, "/m/01j3sz,/m/07sq110"
3TrS16S-wyA, 300.000, 310.000, "/m/01j3sz,/m/02zsn,/m/07sq110,/m/09x0r"
3a-Qgxgl_wE, 30.000, 40.000, "/m/01j3sz,/m/02p3nc,/m/07sq110"
3m_mLJPZw9k, 70.000, 80.000, "/m/01j3sz,/m/04rlf,/m/07sq110,/m/09x0r"
3r7xc1hoqiY, 20.000, 30.000, "/m/01j3sz,/m/03q5_w,/m/07sq110,/m/09x0r"
4Iy5ZcanjNM, 310.000, 320.000, "/m/07r660_,/m/07sq110,/m/09x0r,/m/0ytgt,/t/dd00001,/t/dd00125"
4JTeCi8y310, 0.000, 10.000, "/m/07sq110,/m/09x0r"
4Jn8Dwzkpsg, 50.000, 60.000, "/m/01j3sz,/m/07sq110,/m/09x0r"
4VLjaK2oavc, 80.000, 90.000, "/m/07sq110,/m/09x0r,/t/dd00125"
4epl0cI2-Ew, 30.000, 40.000, "/m/07sq110,/m/09x0r,/m/0ytgt"
52933ufeP_4, 30.000, 40.000, "/m/07sq110,/m/09x0r,/m/0ytgt,/t/dd00125"
52y_0oUYQps, 50.000, 60.000, "/m/07r660_,/m/07sq110,/m/09x0r,/t/dd00001,/t/dd00125"
55JE3RkS84U, 30.000, 40.000, "/m/01j3sz,/m/07rgt08,/m/07s04w4,/m/07sq110"
55cDQffhucw, 410.000, 420.000, "/m/07sq110,/m/09x0r,/m/0ytgt,/t/dd00126"
5J97ygjWdPw, 20.000, 30.000, "/m/01j3sz,/m/07sq110,/m/09x0r"
5Kn4j0qOgbg, 0.000, 10.000, "/m/07sq110"
5MvgI1fGAr8, 70.000, 80.000, "/m/07sq110"
5WQmeK2quJE, 180.000, 190.000, "/m/07sq110,/m/09x0r,/t/dd00125"
5YUPYXVn93A, 30.000, 40.000, "/m/01j3sz,/m/07sq110,/m/09x0r"
5gNqyBPvrVU, 340.000, 350.000, "/m/07sq110"
5gVzgeDdZcE, 50.000, 60.000, "/m/01j3sz,/m/07sq110,/m/09x0r"
5pDb76g6Jos, 150.000, 160.000, "/m/07r660_,/m/07sq110,/m/09x0r,/t/dd00125"
5q5RhQZnZQ0, 80.000, 90.000, "/m/07r660_,/m/07sq110,/m/09x0r,/t/dd00125"
5s1YMhe0q3c, 0.000, 10.000, "/m/03dnzn,/m/07rgt08,/m/07sq110"
5vpXiK2P_44, 70.000, 80.000, "/m/0463cq4,/m/07rgt08,/m/07sq110"
65xggirg8oc, 190.000, 200.000, "/m/01j3sz,/m/07rgt08,/m/07sq110"
6Cj1w_8Qoz0, 0.000, 10.000, "/m/07sq110,/m/09x0r,/m/0ytgt"
6HO7yoxZhEA, 0.000, 10.000, "/m/07sq110,/t/dd00125"
6RiK4Sg2tSY, 70.000, 80.000, "/m/07sq110,/m/09x0r"
6SxPIT98uzg, 250.000, 260.000, "/m/07sq110,/m/0ytgt"
6XliYqpTSMc, 20.000, 30.000, "/m/01j3sz,/m/07sq110,/m/09x0r"
6db7hUr7KEw, 50.000, 60.000, "/m/07sq110,/m/09x0r,/t/dd00125"
6g4WEGxWBKs, 40.000, 50.000, "/m/07sq110,/m/0ytgt"
6gtIyipZlAY, 20.000, 30.000, "/m/0463cq4,/m/07sq110"
6i2HHB069CE, 190.000, 200.000, "/m/0261r1,/m/07sq110"
6jUy1YhidDc, 70.000, 80.000, "/m/01yrx,/m/068hy,/m/07sq110,/m/09x0r,/m/0jbk,/t/dd00125"
6t6LUxl2ws8, 10.000, 20.000, "/m/01j3sz,/m/07sq110,/m/09x0r,/t/dd00001,/t/dd00125"
6zC6KjrJzKk, 120.000, 130.000, "/m/07sq110,/m/09x0r"
6zRcsCWoxsk, 20.000, 30.000, "/m/07rgt08,/m/07sq110,/m/0ytgt"
7-CHe0iMx8U, 160.000, 170.000, "/m/07sq110"
75wFOfyuJS8, 530.000, 540.000, "/m/07r660_,/m/07rgt08,/m/07sq110"
7B43zXCVr8Q, 150.000, 160.000, "/m/07r660_,/m/07sq110,/m/09x0r"
7JzAvTZrGD0, 420.000, 430.000, "/m/07sq110,/m/0k4j"
7WEyBfAKebg, 100.000, 110.000, "/m/07sq110,/m/09x0r,/m/0ytgt"
7XCSZi0rS5E, 550.000, 560.000, "/m/01j3sz,/m/07s04w4,/m/07sq110,/m/09x0r,/t/dd00001"
7XwWyr1Bw9g, 10.000, 20.000, "/m/07sq110,/t/dd00001"
7dvUrY1ziBM, 50.000, 60.000, "/m/02p3nc,/m/07sq110,/m/09x0r"
7wD2GwFZxxY, 150.000, 160.000, "/m/07sq110"
84vFdTtO2Vk, 10.000, 20.000, "/m/07sq110,/m/09x0r,/t/dd00001,/t/dd00125"
86Ow4ZQWGCo, 30.000, 40.000, "/m/01j3sz,/m/04rlf,/m/07sq110"
87fHLMD9WOI, 370.000, 380.000, "/m/01j3sz,/m/07sq110"
89L3vV62UMo, 30.000, 40.000, "/m/07sq110"
89z_iP2SmOI, 10.000, 20.000, "/m/01j3sz,/m/07sq110"
8HeIkJYJVXA, 10.000, 20.000, "/m/01j3sz,/m/07sq110,/m/09x0r,/m/0lyf6"
8MtPuOeXRfM, 80.000, 90.000, "/m/07sq110,/m/09x0r,/m/0ytgt"
8RRqTh1Co3A, 210.000, 220.000, "/m/07sq110,/m/09x0r,/m/0ytgt,/t/dd00125"
8UQZWCYEipU, 370.000, 380.000, "/m/07sq110,/m/09x0r"
8jeNT2Sb7dQ, 30.000, 40.000, "/m/07sq110,/m/09x0r"
8yY8woQQmCo, 50.000, 60.000, "/m/07r660_,/m/07sq110,/m/09x0r"
95IwZrlK2GU, 30.000, 40.000, "/m/0463cq4,/m/07sq110,/m/09x0r,/t/dd00002"
999LvbmWmec, 0.000, 10.000, "/m/02p3nc,/m/07sq110,/m/09x0r"
9KZTNW5s1N4, 0.000, 10.000, "/m/01j3sz,/m/07sq110,/m/09x0r"
9PXP4zrQzi8, 0.000, 10.000, "/m/07sq110,/m/09x0r"
9Pa0jY4HAtE, 0.000, 10.000, "/m/01j3sz,/m/07sq110"
9_SkhxK14W8, 20.000, 30.000, "/m/01j3sz,/m/07sq110"
9a7jlfmROsQ, 80.000, 90.000, "/m/07sq110,/m/09x0r,/t/dd00125"
9bZhKjPrYDQ, 20.000, 30.000, "/m/07r660_,/m/07sq110,/m/09x0r,/t/dd00001,/t/dd00125"
9dP1woU4oNE, 70.000, 80.000, "/m/07sq110,/m/09x0r"
9hpAYu9J7ec, 110.000, 120.000, "/m/02cz_7,/m/07sq110,/m/09x0r,/m/0y4f8"
9ilvO-DzKys, 560.000, 570.000, "/m/07sq110"
9vhmc1YIZpA, 10.000, 20.000, "/m/01j3sz,/m/07sq110,/m/09x0r"
A-l1eyV_OZc, 0.000, 10.000, "/m/07sq110,/m/09x0r,/t/dd00125"
A177xILyQoM, 270.000, 280.000, "/m/07sq110"
A2Pol9d6Mvk, 50.000, 60.000, "/m/07sq110"
AAYA7MGEXU8, 230.000, 240.000, "/m/07sq110,/m/09x0r,/t/dd00125"
AAZK4sziMrU, 20.000, 30.000, "/m/07sq110,/m/09x0r,/t/dd00125"
AB6V6uoYiGc, 30.000, 40.000, "/m/01j3sz,/m/07s04w4,/m/07sq110,/m/0ytgt"
ACPmzNapatY, 20.000, 30.000, "/m/07sq110,/m/09x0r"
AGceLbu6UsI, 30.000, 40.000, "/m/02_nn,/m/07s04w4,/m/07sq110,/m/0ytgt"
AS0vaZ5axtw, 10.000, 20.000, "/m/01j3sz,/m/07sq110"
ASA4EbvCVY4, 440.000, 450.000, "/m/07sq110,/t/dd00001"
AZAF42c0d90, 410.000, 420.000, "/m/01j3sz,/m/07s04w4,/m/07sq110,/m/09x0r"
AjC2JNbSwcw, 70.000, 80.000, "/m/07sq110,/m/09x0r,/t/dd00126"
ArULvjslnqU, 470.000, 480.000, "/m/07sq110,/m/09x0r,/t/dd00125"
B-eVEMtkVXQ, 20.000, 30.000, "/m/07sq110,/m/09x0r"
B0p2v2kAkwc, 4.000, 14.000, "/m/01j3sz,/m/07sq110,/m/09x0r"
B7ilnnQu2ik, 10.000, 20.000, "/m/01j3sz,/m/07sq110,/t/dd00001"
BAqaPHXZKr0, 20.000, 30.000, "/m/01j3sz,/m/07sq110"
BMOiIVKCSyw, 280.000, 290.000, "/m/01j3sz,/m/07s04w4,/m/07sq110,/m/09x0r"
BYdInZdtlKQ, 30.000, 40.000, "/m/01j3sz,/m/05zppz,/m/07sq110,/m/09x0r,/t/dd00125,/t/dd00126"
BZjP0e0Zp28, 270.000, 280.000, "/m/01j3sz,/m/07sq110"
B_6FPEmhH70, 30.000, 40.000, "/m/07sq110,/m/09x0r,/m/0ytgt,/t/dd00125"
BlmG1b1xwas, 240.000, 250.000, "/m/07sq110,/m/09x0r,/t/dd00125"
BpFBJtxcKws, 10.000, 20.000, "/m/04rlf,/m/07sq110,/t/dd00001"
BswWWPxbBaA, 360.000, 370.000, "/m/01j3sz,/m/05zppz,/m/07s04w4,/m/07sq110,/m/09x0r"
C1cVQuvwC1A, 120.000, 130.000, "/m/07sq110"
C29Yi4pAVEk, 30.000, 40.000, "/m/04rlf,/m/07sq110"
CIGyaHQ6ssw, 10.000, 20.000, "/m/01j3sz,/m/05zppz,/m/07sq110,/m/09x0r"
CVYlabkgLj8, 330.000, 340.000, "/m/07sq110"
Cue3fy5QMjI, 240.000, 250.000, "/m/07rgt08,/m/07sq110,/m/09x0r"
D3t1GlNGivg, 0.000, 10.000, "/m/07sq110,/m/09x0r,/m/0ytgt,/t/dd00125"
DFdIt05Yz1w, 10.000, 20.000, "/m/04rlf,/m/07r660_,/m/07sq110,/t/dd00125"
DLLWOFquoB0, 10.000, 20.000, "/m/01j3sz,/m/07rgt08,/m/07s04w4,/m/07sq110"
DNyElNcEr1M, 0.000, 10.000, "/m/01j3sz,/m/07sq110,/m/09x0r"
DOotwwASsNE, 30.000, 40.000, "/m/01j3sz,/m/07sq110,/m/09x0r"
DWAb_kAkK2o, 0.000, 10.000, "/m/01j3sz,/m/07sq110"
DXuxSV7wa1s, 320.000, 330.000, "/m/07r660_,/m/07sq110,/m/09x0r,/t/dd00125"
DeLhxBo-HWs, 10.000, 20.000, "/m/07sq110,/t/dd00125"
Dh7_L7Ch21M, 130.000, 140.000, "/m/07r660_,/m/07sq110,/m/09x0r,/t/dd00125"
Dhv71lcGnOY, 0.000, 10.000, "/m/01j3sz,/m/07sq110"
Djavs2M4U7A, 20.000, 30.000, "/m/01j3sz,/m/07sq110,/m/09x0r"
DuBcPpqyRw8, 10.000, 20.000, "/m/07sq110,/m/09x0r"
E4w7fBwl3-Y, 30.000, 40.000, "/m/015p6,/m/01j3sz,/m/068hy,/m/07sq110,/m/09x0r,/t/dd00125"
EGv45MzlFPw, 100.000, 110.000, "/m/07sq110,/m/09x0r"
EI0dTmohRCA, 290.000, 300.000, "/m/07sq110,/m/09x0r"
EIZp2QBbgYY, 30.000, 40.000, "/m/01z5f,/m/068hy,/m/07r660_,/m/07rc7d9,/m/07sq110,/m/0bt9lr,/m/0jbk"
ETSRMMB3hNo, 40.000, 50.000, "/m/04rlf,/m/07sq110,/m/09x0r"
EcL1O6IcfgA, 0.000, 10.000, "/m/07sq110,/m/09x0r,/t/dd00125"
Eedxfa8GYj0, 110.000, 120.000, "/m/01j3sz,/m/07sq110,/t/dd00125"
EfFCErD8RxU, 70.000, 80.000, "/m/02p3nc,/m/07sq110"
EmhfXp797U8, 330.000, 340.000, "/m/07sq110"
EwT19mYhRxQ, 160.000, 170.000, "/m/0261r1,/m/07sq110,/m/09x0r,/m/0ytgt,/t/dd00125"
EyBd9s1G3lw, 50.000, 60.000, "/m/07sq110,/m/09x0r,/t/dd00001"
FBrWOjBreTI, 0.000, 10.000, "/m/01j3sz,/m/07sq110"
FE464cMMdfA, 30.000, 40.000, "/m/01j3sz,/m/04rlf,/m/07r660_,/m/07sq110"
FJ7dZpVKM7Q, 50.000, 60.000, "/m/04rlf,/m/07sq110,/m/09x0r"
FKhCNVcfCDg, 220.000, 230.000, "/m/01z5f,/m/04rlf,/m/068hy,/m/07sq110,/m/09x0r,/m/0bt9lr"
FLZmXRGElWs, 0.000, 10.000, "/m/07sq110,/t/dd00125"
FW73jCugpEQ, 440.000, 450.000, "/m/07s04w4,/m/07sq110,/m/0ytgt"
FXj2NaThuQ8, 50.000, 60.000, "/m/07sq110"
Fdnf6wbGbf4, 20.000, 30.000, "/m/07sq110"
Fg_Cd55cHR4, 390.000, 400.000, "/m/07sq110,/t/dd00125"
FuWFX2vfxS4, 40.000, 50.000, "/m/07sq110,/m/09x0r"
FzWvQ367WL8, 20.000, 30.000, "/m/01j3sz,/m/04rlf,/m/07r660_,/m/07sq110,/t/dd00001"
G5uM_9n3Ok8, 240.000, 250.000, "/m/07sq110,/m/09x0r"
G7eRC1a87dU, 0.000, 10.000, "/m/07r660_,/m/07sq110"
GFqMf1EK_GU, 480.000, 490.000, "/m/07s04w4,/m/07sq110"
GFujszwmkuA, 40.000, 50.000, "/m/07r660_,/m/07sq110,/m/09x0r"
GJqlp1OWKhs, 10.000, 20.000, "/m/04rlf,/m/07sq110,/t/dd00001"
GKVlSc5dVLs, 20.000, 30.000, "/m/01j3sz,/m/07sq110"
GKXYLbh7GuU, 30.000, 40.000, "/m/01j3sz,/m/07r660_,/m/07sq110"
GQMHxeP6zsA, 10.000, 20.000, "/m/01j3sz,/m/07sq110,/m/09x0r"
GQTxIBorSGo, 0.000, 10.000, "/m/07sq110,/m/09x0r,/m/0lyf6"
GRpaLlsC0Sc, 40.000, 50.000, "/m/02p3nc,/m/07sq110,/m/09x0r"
GZMRDmjOq_Y, 50.000, 60.000, "/m/07r660_,/m/07sq110,/m/09x0r"
GcvjdDudv7M, 580.000, 590.000, "/m/07sq110,/m/09x0r,/t/dd00125"
Gf2xgs3ZrfE, 0.000, 10.000, "/m/07sq110,/t/dd00001"
GhizOxu0ZpI, 60.000, 70.000, "/m/07sq110"
GuKzaKnCaIQ, 30.000, 40.000, "/m/01j3sz,/m/04rlf,/m/07sq110,/m/09x0r"
HEKKh5yZ1s8, 200.000, 210.000, "/m/01b_21,/m/04rlf,/m/07sq110,/m/09x0r,/m/0ytgt,/t/dd00125"
HEaijrw5v1g, 110.000, 120.000, "/m/01j3sz,/m/07sq110"
HGkmxN9hU_M, 0.000, 10.000, "/m/07sq110,/m/09x0r,/t/dd00126"
HOTCl7R7UPA, 20.000, 30.000, "/m/07sq110,/m/09x0r,/t/dd00125"
HVynfYO27QU, 20.000, 30.000, "/m/07sq110"
Her8BSU_39c, 120.000, 130.000, "/m/01j3sz,/m/07sq110,/m/09x0r"
HfZps2is5B8, 30.000, 40.000, "/m/07sq110,/m/09x0r"
HogdqQjJgfg, 10.000, 20.000, "/m/07sq110,/m/09x0r,/m/0ytgt"
Hs6ZwqM8qLk, 30.000, 40.000, "/m/01j3sz,/m/04rlf,/m/07s04w4,/m/07sq110"
I1FJGDW5Nz8, 60.000, 70.000, "/m/02p3nc,/m/07sq110"
IAXpbQcov3o, 200.000, 210.000, "/m/07sq110"
IDYTuFR9WQ8, 460.000, 470.000, "/m/07sq110,/m/09x0r,/m/0ytgt,/t/dd00125"
IJKcD7SJm_k, 490.000, 500.000, "/m/04rlf,/m/07sq110,/m/09x0r,/m/0ytgt"
IJyVRkeyBA8, 70.000, 80.000, "/m/07sq110,/m/09x0r,/m/0ytgt"
IMcXGgxPjl4, 0.000, 10.000, "/m/01j3sz,/m/07sq110,/m/09x0r"
I_UcPuAHXNg, 40.000, 50.000, "/m/01j3sz,/m/07sq110,/m/09x0r"
IcZ1gMwxrZA, 160.000, 170.000, "/m/07sq110,/m/09x0r,/t/dd00125"
Ix7tyrppKKY, 0.000, 10.000, "/m/01j3sz,/m/07sq110,/t/dd00125"
Izky6uHwhS4, 0.000, 10.000, "/m/07sq110,/m/09x0r,/t/dd00125"
J29U6po5C_Y, 100.000, 110.000, "/m/07sq110"
J2htpVWqlts, 0.000, 10.000, "/m/07sq110"
J4VmI6wWzIg, 0.000, 10.000, "/m/01j3sz,/m/07sq110,/t/dd00001"
JAEe1dc4Yf4, 20.000, 30.000, "/m/02p3nc,/m/07sq110"
JHNBF0WJ-EM, 29.000, 39.000, "/m/01j3sz,/m/07sq110"
JLBDgOv_4vc, 60.000, 70.000, "/m/07sq110"
JP87CP8cTdc, 0.000, 10.000, "/m/01j3sz,/m/07sq110"
JPJZKQ6hUMA, 20.000, 30.000, "/m/07r660_,/m/07sq110,/m/09x0r"
JY-_UQQFu6Q, 30.000, 40.000, "/m/01j3sz,/m/07sq110,/m/09x0r"
JZTvDu7Ruzs, 330.000, 340.000, "/m/07sq110"
JZXHW4Cu6Xg, 0.000, 10.000, "/m/07sq110,/t/dd00125"
JhjENNuw-OE, 50.000, 60.000, "/m/04rlf,/m/07sq110,/m/09x0r,/t/dd00125"
JrPyuzR3Sj4, 30.000, 40.000, "/m/07sq110,/m/09x0r,/m/0ytgt"
JuEIkNoxbN4, 20.000, 30.000, "/m/02zsn,/m/07r660_,/m/07sq110,/m/09x0r"
JwcYRWk7TQk, 110.000, 120.000, "/m/07sq110,/m/09x0r,/m/0ytgt,/t/dd00125"
JweGc20gmX8, 140.000, 150.000, "/m/07sq110,/m/09x0r,/m/0ytgt"
K5H3iUGqAR8, 560.000, 570.000, "/m/07sq110,/m/09x0r,/t/dd00125"
K71MtHenIYU, 20.000, 30.000, "/m/01j3sz,/m/07r660_,/m/07sq110,/m/09x0r"
KBmc37VhBfw, 60.000, 70.000, "/m/07sq110,/m/09x0r,/t/dd00125"
KCA9dQCeJM0, 40.000, 50.000, "/m/07sq110,/t/dd00001,/t/dd00125"
KE3jOzdPU4g, 10.000, 20.000, "/m/07sq110,/t/dd00125"
KMOwz-gwgW8, 50.000, 60.000, "/m/07sq110"
KMfGXP07O2c, 30.000, 40.000, "/m/01j3sz,/m/07sq110"
KMtlrQwcM-E, 10.000, 20.000, "/m/01j3sz,/m/07sq110"
KTR8rAUxy9c, 320.000, 330.000, "/m/07sq110"
KZvdxCXpMcY, 30.000, 40.000, "/m/07rgt08,/m/07s04w4,/m/07sq110,/m/09x0r,/m/0ytgt,/t/dd00001"
K_UEfqjZcvc, 450.000, 460.000, "/m/04rlf,/m/07sq110"
KliVsEcJ1Do, 130.000, 140.000, "/m/07r660_,/m/07sq110,/m/09x0r,/t/dd00001,/t/dd00125"
Kob9K1bteY0, 10.000, 20.000, "/m/01j3sz,/m/02p3nc,/m/07sq110"
Kt9Krwh66lo, 560.000, 570.000, "/m/07sq110,/m/09x0r,/m/0ytgt"
KxonWNJjc70, 0.000, 10.000, "/m/07sq110"
L3wQvwenLlA, 10.000, 20.000, "/m/07sq110"
LdQ8hvVXlfY, 50.000, 60.000, "/m/04rlf,/m/07sq110,/m/09x0r,/t/dd00125"
LluM_iAimX4, 9.000, 19.000, "/m/01j3sz,/m/07sq110"
LnrBzvb8YD4, 10.000, 20.000, "/m/04rlf,/m/07sq110"
LoaEDneuHxI, 80.000, 90.000, "/m/01j3sz,/m/07sq110"
LzuGczkqxvY, 30.000, 40.000, "/m/07sq110,/m/09x0r"
M-YUYyW_TNU, 10.000, 20.000, "/m/07sq110,/m/09x0r,/m/0ytgt,/t/dd00125"
M0QMM0MhkDc, 30.000, 40.000, "/m/07sq110,/m/09x0r"
M39h4E2nBnY, 30.000, 40.000, "/m/07s04w4,/m/07sq110"
M8ZZuetmlgY, 130.000, 140.000, "/m/01j3sz,/m/07sq110,/m/0ytgt"
M9E5aACwfrQ, 70.000, 80.000, "/m/0261r1,/m/07sq110,/m/09x0r"
MFfsk4l5DQ0, 20.000, 30.000, "/m/07sq110,/m/09x0r,/t/dd00125"
MJEKrMdCW2w, 80.000, 90.000, "/m/0261r1,/m/07sq110,/m/0ytgt"
MSoNO0bcWhs, 0.000, 10.000, "/m/01j3sz,/m/07sq110,/t/dd00125"
MVDGpFGKQqs, 390.000, 400.000, "/m/07sq110,/m/09x0r,/t/dd00125"
MdYoe_APBuo, 560.000, 570.000, "/m/01j3sz,/m/07sq110"
Mdz64EFZLaA, 30.000, 40.000, "/m/01j3sz,/m/07sq110,/m/09x0r"
Me-nW_AryqQ, 150.000, 160.000, "/m/03qtwd,/m/07sq110"
MePMyxbg7iw, 80.000, 90.000, "/m/02cz_7,/m/07sq110,/m/09x0r,/m/0y4f8"
Mfn819GQwa8, 140.000, 150.000, "/m/07sq110"
MiqUMA0q7rQ, 10.000, 20.000, "/m/07r660_,/m/07sq110"
MmiImX_7cj4, 70.000, 80.000, "/m/04rlf,/m/07sq110,/t/dd00001,/t/dd00125"
Mpvxp34ZbXA, 340.000, 350.000, "/m/07sq110,/m/09x0r,/t/dd00125"
Mq1mXIs6Fmc, 380.000, 390.000, "/m/07sq110,/m/09x0r,/m/0ytgt,/t/dd00125"
MzGp9Hfbhlk, 30.000, 40.000, "/m/01j3sz,/m/04rlf,/m/05r5wn,/m/07qn4z3,/m/07r660_,/m/07sq110,/t/dd00001"
N13i1zKF_gg, 20.000, 30.000, "/m/01j3sz,/m/07sq110"
N1EZPgsLNow, 40.000, 50.000, "/m/01j3sz,/m/07r660_,/m/07sq110,/m/09x0r"
N1nDtYgpppI, 0.000, 10.000, "/m/01j3sz,/m/07sq110,/m/09x0r,/t/dd00001"
N4UTwt1ITFI, 30.000, 40.000, "/m/01j3sz,/m/07sq110"
NAUq0_QRRE8, 10.000, 20.000, "/m/07sq110,/m/09x0r,/m/0ytgt"
NC30VSM-raQ, 70.000, 80.000, "/m/01b_21,/m/01j3sz,/m/07sq110,/t/dd00001"
NDBGXEUlZR4, 90.000, 100.000, "/m/015lz1,/m/07sq110"
NIZ-Y4EeAUA, 20.000, 30.000, "/m/01j3sz,/m/07sq110"
NIzYgJRrUdM, 10.000, 20.000, "/m/01j3sz,/m/07sq110"
NSBAv1UxHB4, 20.000, 30.000, "/m/01b_21,/m/01j3sz,/m/07sq110"
NUNcvnesc2I, 310.000, 320.000, "/m/07sq110"
NViDZx0UH7w, 370.000, 380.000, "/m/07sq110,/m/09x0r,/m/0bt9lr,/m/0jbk,/m/0ytgt,/t/dd00125"
NY0Hutswtb4, 60.000, 70.000, "/m/07sq110,/m/09x0r"
NdKQpl6i1i4, 20.000, 30.000, "/m/07sq110,/m/09x0r,/t/dd00125"
Nfx1I6CWreQ, 80.000, 90.000, "/m/07sq110,/m/09x0r,/t/dd00125"
NmLqe8JNAdc, 30.000, 40.000, "/m/01j3sz,/m/04rlf,/m/07s04w4,/m/07sq110"
NtVOaSg_TTE, 120.000, 130.000, "/m/07sq110,/m/09x0r"
O1wEumOtzEw, 10.000, 20.000, "/m/07sq110,/t/dd00001"
O6Nt8b_luCk, 30.000, 40.000, "/m/07sq110"
OAv8M6JffT0, 170.000, 180.000, "/m/01j3sz,/m/07rgt08,/m/07s04w4,/m/07sq110,/m/09x0r"
ONajRKIa9js, 200.000, 210.000, "/m/07sq110,/m/09x0r,/t/dd00125"
ONe79UePqkE, 10.000, 20.000, "/m/01j3sz,/m/04rlf,/m/07sq110,/m/09x0r"
OOapqFKFKLg, 100.000, 110.000, "/m/07sq110,/m/09x0r"
OQ_pXogSKQo, 70.000, 80.000, "/m/07sq110"
OT_8gUNkpw4, 170.000, 180.000, "/m/01hsr_,/m/07sq110,/m/09x0r"
Og4kQIs0u3g, 30.000, 40.000, "/m/01j3sz,/m/07r660_,/m/07sq110,/m/09x0r,/t/dd00125"
OgKmU0fuYMs, 20.000, 30.000, "/m/07sq110,/m/0ytgt"
OhanjVaCG4E, 40.000, 50.000, "/m/04rlf,/m/07sq110,/m/09x0r,/m/0ytgt,/t/dd00125"
Ol4HwuieN_E, 200.000, 210.000, "/m/07r660_,/m/07sq110,/m/09x0r"
OnDa2eaTCv0, 0.000, 7.000, "/m/04rlf,/m/07sq110"
OsjaCH6ImFg, 80.000, 90.000, "/m/07sq110,/m/09x0r,/t/dd00125"
OwS8f-KCof4, 20.000, 30.000, "/m/01j3sz,/m/07sq110"
PJlagjPFdBk, 120.000, 130.000, "/m/04rlf,/m/07sq110,/m/09x0r"
PMAF0wn1DyE, 250.000, 260.000, "/m/0463cq4,/m/04rlf,/m/07sq110,/m/09x0r,/m/0ytgt,/t/dd00125"
PQtOdeTpMro, 50.000, 60.000, "/m/07sq110"
PUNjDr7-BB0, 10.000, 20.000, "/m/07r660_,/m/07sq110,/m/09x0r,/m/0ytgt"
PktlLZlDX7k, 30.000, 40.000, "/m/02p3nc,/m/07sq110,/m/09x0r"
PqsM-ire9jo, 280.000, 290.000, "/m/07sq110,/m/09x0r"
PsJ9cXgSegI, 60.000, 70.000, "/m/07sq110,/t/dd00125"
Pt16Ddk2qAQ, 120.000, 130.000, "/m/07sq110,/m/09x0r"
PyDZ2dA7xJY, 0.000, 10.000, "/m/07sq110,/m/09x0r,/t/dd00125"
Q7phKkfmGCQ, 30.000, 40.000, "/m/07sq110,/m/0ytgt"
QCP0qLOICec, 50.000, 60.000, "/m/07r660_,/m/07sq110,/m/09x0r,/t/dd00001,/t/dd00125"
QJd4ZiCc7zU, 50.000, 60.000, "/m/07sq110,/m/09x0r,/m/0ytgt"
QLr1ZNrnUmo, 40.000, 50.000, "/m/01j3sz,/m/07sq110,/m/09x0r,/m/0ytgt"
QOzmTnrGiR0, 40.000, 50.000, "/m/01j3sz,/m/07r660_,/m/07sq110,/m/09x0r"
QSVB2F2RKqk, 100.000, 110.000, "/m/04rlf,/m/07sq110,/m/09x0r"
Qavx76hX3qY, 270.000, 280.000, "/m/07sq110"
Qi4I7m1JpQc, 20.000, 30.000, "/m/01j3sz,/m/07sq110"
QsxHjHNSrB4, 0.000, 10.000, "/m/01j3sz,/m/07sq110,/m/09x0r"
QwJoZFVLaBQ, 30.000, 40.000, "/m/01j3sz,/m/07sq110"
QxQ6Mo9KP6U, 90.000, 100.000, "/m/07sq110"
REcofloqbIY, 80.000, 90.000, "/m/07sq110,/m/09x0r"
ROSbe-adFPs, 50.000, 60.000, "/m/02_nn,/m/07sq110,/m/09x0r"
RVfwsH_9ezw, 20.000, 30.000, "/m/01j3sz,/m/07sq110,/m/09x0r"
RWLNxj6qGUs, 80.000, 90.000, "/m/04rlf,/m/07sq110,/m/09x0r,/t/dd00001"
RZUUESPZlB8, 40.000, 50.000, "/m/01j3sz,/m/07sq110,/t/dd00001"
R_Q92MC8plU, 30.000, 40.000, "/m/01j3sz,/m/07sq110,/m/09x0r"
Rg78RYPVDHA, 170.000, 180.000, "/m/04rlf,/m/07r660_,/m/07sq110,/m/09x0r,/t/dd00125"
RtXJj3-Ki_s, 30.000, 40.000, "/m/01j3sz,/m/07sq110,/m/09x0r"
Rx6apw0KEbo, 340.000, 350.000, "/m/07sq110,/m/09x0r,/t/dd00001"
S18kS6zXwCA, 0.000, 10.000, "/m/07sq110,/m/09x0r,/t/dd00125"
S3XChMR7M5k, 120.000, 130.000, "/m/07sq110"
S75M8S4uwLA, 20.000, 30.000, "/m/02_nn,/m/07sq110,/m/09x0r"
S8Mq4OGDx8w, 10.000, 20.000, "/m/04rlf,/m/07r660_,/m/07sq110,/m/09x0r,/m/0ytgt"
S93-xEv68_4, 10.000, 20.000, "/m/01b_21,/m/03q5_w,/m/07sq110,/m/09x0r"
S9sLtr2KAB0, 40.000, 50.000, "/m/03q5_w,/m/04rlf,/m/07sq110,/m/09x0r"
SFGWbkdN7KU, 190.000, 200.000, "/m/07sq110,/m/09x0r,/t/dd00125"
SK3RWNJvBVg, 10.000, 20.000, "/m/07sq110,/m/09x0r"
SXFWxFliJG8, 30.000, 40.000, "/m/01b_21,/m/07sq110"
S_NCgPE3dvw, 20.000, 30.000, "/m/01j3sz,/m/07sq110,/t/dd00001"
SdgRjRISDy4, 30.000, 40.000, "/m/01j3sz,/m/07s04w4,/m/07sq110,/m/09x0r,/m/0lyf6"
Smq6HpMPbVY, 70.000, 80.000, "/m/01j3sz,/m/07sq110,/m/09x0r"
StlA0hfJCqM, 10.000, 20.000, "/m/07rkbfh,/m/07s04w4,/m/07sq110"
T6jPYa05P9k, 30.000, 40.000, "/m/01j3sz,/m/07sq110,/m/09x0r"
TB2pcE6tLR4, 10.000, 20.000, "/m/07sq110,/m/09x0r"
TRRH9BYlE80, 140.000, 150.000, "/m/04rlf,/m/07sq110,/m/09x0r,/t/dd00129"
TSIdKPvACrk, 30.000, 40.000, "/m/01j3sz,/m/07sq110,/m/09x0r"
TSXX09DloNE, 0.000, 7.000, "/m/02zsn,/m/07sq110"
TTUgJYbtqvc, 10.000, 20.000, "/m/07sq110"
Tk9RhdXF0G4, 220.000, 230.000, "/m/07sq110,/m/09x0r,/t/dd00125"
U2RdTbD6qf8, 60.000, 70.000, "/m/01j3sz,/m/07sq110,/m/09x0r"
UU7AWztCls4, 0.000, 10.000, "/m/07sq110,/m/09x0r"
U_2n3ffJXLw, 60.000, 70.000, "/m/07r660_,/m/07sq110,/m/09x0r"
Ug6zKT6bD0I, 30.000, 40.000, "/m/01j3sz,/m/07sq110,/m/09x0r"
UlNAvBJwDmc, 0.000, 10.000, "/m/07sq110"
UwNmMewIp1U, 10.000, 20.000, "/m/07sq110,/m/0ytgt"
UyAs6ENFCFo, 0.000, 10.000, "/m/01j3sz,/m/07sq110,/t/dd00001"
V3sCaAIW6ZY, 10.000, 20.000, "/m/01j3sz,/m/07sq110,/t/dd00001"
VC74X5lQ1EY, 350.000, 360.000, "/m/07sq110,/m/09x0r,/t/dd00125"
VC9Zj1xf_Zc, 0.000, 10.000, "/m/01j3sz,/m/07sq110,/t/dd00001"
VFQX7JBk950, 40.000, 50.000, "/m/0463cq4,/m/04rlf,/m/07sq110,/m/09x0r,/t/dd00125"
VH3l6I98hNk, 20.000, 30.000, "/m/01j3sz,/m/07sq110,/m/09x0r"
VKcL41ZXyNM, 130.000, 140.000, "/m/07sq110"
VSc2CN9IT0w, 40.000, 50.000, "/m/01j3sz,/m/07sq110"
VT-5niPYHwA, 480.000, 490.000, "/m/07sq110"
VYScxclWtJo, 20.000, 30.000, "/m/07sq110,/m/09x0r"
VYk__Ygv5ac, 120.000, 130.000, "/m/01j3sz,/m/07r660_,/m/07sq110"
V_GjGdmoecU, 580.000, 590.000, "/m/07sq110"
VeFQXpzZhwY, 100.000, 110.000, "/m/01j3sz,/m/07rgt08,/m/07sq110,/m/09x0r,/t/dd00001"
VfMVfVxvvpU, 20.000, 30.000, "/m/01j3sz,/m/07sq110"
W74YezK2mgs, 20.000, 30.000, "/m/01j3sz,/m/07sq110,/t/dd00001"
W7G6mfISJok, 90.000, 100.000, "/m/07sq110"
WJKY4cvBV10, 90.000, 100.000, "/m/01j3sz,/m/07sq110,/m/09x0r,/t/dd00001,/t/dd00125"
WN3NbE2CFu4, 220.000, 230.000, "/m/07sq110"
WVlnZFEhzs0, 10.000, 20.000, "/m/07sq110"
Wh8PGAO-TWg, 50.000, 60.000, "/m/068hy,/m/07r660_,/m/07sq110,/m/0bt9lr,/m/0jbk"
Wkwc9GNFrxw, 90.000, 100.000, "/m/07sq110,/m/09x0r,/t/dd00125"
WvKju-oZiv4, 10.000, 20.000, "/m/07sq110"
Wvx4WtwJ8GY, 20.000, 30.000, "/m/04rlf,/m/07sq110,/m/09x0r"
X-89G2yCsgM, 20.000, 30.000, "/m/01j3sz,/m/07sq110"
XKla1jr5K0U, 10.000, 20.000, "/m/01j3sz,/m/07sq110,/m/09x0r"
XS-fvurw7hA, 7.000, 17.000, "/m/07sq110"
XVN7cptAHdk, 150.000, 160.000, "/m/07sq110"
X_BwgGS7sU0, 10.000, 20.000, "/m/07sq110,/m/09x0r"
XcRudCCGCuc, 110.000, 120.000, "/m/068hy,/m/07sq110,/m/0bt9lr,/m/0jbk"
XeKzuoN62QM, 0.000, 10.000, "/m/07sq110,/m/0ytgt"
Xf9aBFVWJDg, 20.000, 30.000, "/m/07sq110,/t/dd00001,/t/dd00125"
XkX7bkAqyTY, 190.000, 200.000, "/m/01j3sz,/m/07sq110,/m/09x0r,/t/dd00125"
XqpfNe8wK5k, 400.000, 410.000, "/m/07sq110"
XuGaYYdtZEc, 30.000, 40.000, "/m/01j3sz,/m/0261r1,/m/07rgt08,/m/07sq110,/m/09x0r,/t/dd00125"
XudafKb_VEc, 40.000, 50.000, "/m/03q5_w,/m/07sq110"
XweZLPzhovE, 10.000, 20.000, "/m/07sq110,/m/09x0r,/t/dd00001"
Xx2QG7J7mYc, 360.000, 370.000, "/m/07sq110,/m/09x0r"
Y-VyR-ShlYE, 70.000, 80.000, "/m/01j3sz,/m/07sq110"
Y-Yyw3OSp3s, 10.000, 20.000, "/m/07sq110,/m/09x0r,/t/dd00125"
Y3Bq_3zhrzQ, 10.000, 20.000, "/m/07sq110"
YAsmflDVkjo, 10.000, 20.000, "/m/01j3sz,/m/07sq110,/t/dd00001"
YEkhUxkKt6U, 40.000, 50.000, "/m/01j3sz,/m/07sq110"
YKOVLZ0gTKc, 540.000, 550.000, "/m/07sq110,/t/dd00125"
YOqJZzTVtCk, 80.000, 90.000, "/m/07sq110"
YRmA1BoqXsc, 30.000, 40.000, "/m/07sq110"
YXZSoGrV6g0, 30.000, 40.000, "/m/07sq110,/m/09x0r,/t/dd00129"
YnRvyf7Jmt8, 70.000, 80.000, "/m/01j3sz,/m/0261r1,/m/07sq110"
YoEZM7dKQ0A, 440.000, 450.000, "/m/07sq110,/m/09x0r"
YtQca0owcNU, 10.000, 20.000, "/m/01j3sz,/m/07sq110,/m/09x0r,/t/dd00001"
ZKzgWTBynqw, 80.000, 90.000, "/m/07sq110,/m/09x0r,/m/0ytgt,/t/dd00001"
ZLuu9Jo8Qxs, 320.000, 330.000, "/m/04rlf,/m/07r660_,/m/07sq110"
ZPbly_FrJ6o, 15.000, 25.000, "/m/01j3sz,/m/07sq110"
ZYpGqHLTh6k, 240.000, 250.000, "/m/01j3sz,/m/07s04w4,/m/07sq110,/m/09x0r"
ZZakimIqlhM, 20.000, 30.000, "/m/01j3sz,/m/07sq110,/m/09x0r,/t/dd00125"
ZjLc8lCFC9c, 10.000, 20.000, "/m/07sq110"
ZtVkfpEFRyg, 10.000, 20.000, "/m/01j3sz,/m/07r660_,/m/07sq110,/m/09x0r"
ZuKdSQHp1uw, 140.000, 150.000, "/m/07sq110,/m/09x0r,/t/dd00125"
ZyGMVQ-9z3I, 50.000, 60.000, "/m/01j3sz,/m/07sq110,/m/09x0r"
_3Wrqab5LVI, 20.000, 30.000, "/m/07sq110,/m/09x0r,/m/0ytgt,/t/dd00125"
_6ppRdcGIZg, 20.000, 30.000, "/m/07sq110,/m/09x0r,/t/dd00125"
_Ehqe5s6WvQ, 300.000, 310.000, "/m/07sq110,/m/09x0r"
_LuHzJ224Gc, 140.000, 150.000, "/m/07sq110,/m/09x0r,/m/0ytgt"
_NsNC87ITE0, 300.000, 310.000, "/m/07sq110"
_OPRO4e0icM, 140.000, 150.000, "/m/07sq110"
_QP11OmkuYM, 380.000, 390.000, "/m/07sq110,/m/09x0r,/t/dd00125"
_STiDCQi0fc, 20.000, 30.000, "/m/07sq110"
_WE1p8gjf94, 380.000, 390.000, "/m/07sq110"
_l1vnPC9OGU, 30.000, 40.000, "/m/01j3sz,/m/07sq110,/m/09x0r"
_lWKSo_MziU, 140.000, 150.000, "/m/01j3sz,/m/07sq110,/m/09x0r,/t/dd00125"
_vVgMRaSY9k, 60.000, 70.000, "/m/07s04w4,/m/07sq110"
_x-h4aFCDSE, 0.000, 10.000, "/m/07sq110,/t/dd00125"
_xKFo2pA-zc, 10.000, 20.000, "/m/01j3sz,/m/07sq110"
a8dQzu2j3oY, 20.000, 30.000, "/m/07sq110,/m/09x0r"
a9b-A21adA4, 10.000, 20.000, "/m/01j3sz,/m/07sq110,/t/dd00001"
aJEbq8RvQ2I, 10.000, 20.000, "/m/07sq110,/m/09x0r,/t/dd00126"
aMugvQbVcRg, 10.000, 20.000, "/m/07r660_,/m/07sq110"
aUEoWNzY38M, 10.000, 20.000, "/m/04rlf,/m/07sq110,/m/09x0r,/t/dd00125"
adkBkuyH0wE, 40.000, 50.000, "/m/07r660_,/m/07sq110"
ae3fFtV6kUo, 40.000, 50.000, "/m/03fwl,/m/068hy,/m/07sq110,/m/09x0r,/m/0jbk,/m/0ytgt"
ami3lEwcTZk, 30.000, 40.000, "/m/07sq110"
ax6LijbFKyE, 50.000, 60.000, "/m/01j3sz,/m/01w250,/m/07r660_,/m/07sq110,/m/09x0r,/t/dd00001"
b2_KKQBeDg0, 0.000, 10.000, "/m/07sq110"
b4D1p34jdT0, 10.000, 20.000, "/m/07sq110,/m/0838f"
b4y51ii9gNo, 100.000, 110.000, "/m/07sq110,/m/09x0r,/m/0ytgt,/t/dd00126"
b6HeT6Kr1A0, 390.000, 400.000, "/m/07sq110,/m/09x0r,/m/0ytgt,/t/dd00125"
bKAHaYuTkbg, 90.000, 100.000, "/m/0463cq4,/m/07sq110,/m/09x0r"
bNAG1w6q0S4, 330.000, 340.000, "/m/07sq110"
bPSAg5rlRhg, 10.000, 20.000, "/m/01j3sz,/m/07sq110,/m/09x0r"
bSXyV29bg3A, 300.000, 310.000, "/m/07sq110,/m/0ytgt"
bUuInR0fIyM, 220.000, 230.000, "/m/07sq110,/m/09x0r,/t/dd00125"
bXD7jqwA33w, 10.000, 20.000, "/m/07sq110,/m/09x0r"
bZFloE4sL-Q, 30.000, 40.000, "/m/01j3sz,/m/02p3nc,/m/07sq110"
bk9xgrw3dp8, 30.000, 40.000, "/m/07sq110,/m/09x0r,/t/dd00001,/t/dd00125"
bkEaCmT4aHs, 60.000, 70.000, "/m/07sq110,/m/09x0r,/m/0ytgt,/t/dd00001,/t/dd00126"
bzHb4XsAz2M, 30.000, 40.000, "/m/01j3sz,/m/07sq110,/m/09x0r"
cBIMozddkjY, 230.000, 240.000, "/m/07sq110"
cBd7vdMmkCs, 30.000, 40.000, "/m/01j3sz,/m/07sq110,/m/09x0r"
cELBYQbnfs8, 60.000, 70.000, "/m/07r660_,/m/07sq110,/m/09x0r,/t/dd00125"
cHy3iSK7k8U, 10.000, 20.000, "/m/01hsr_,/m/07sq110"
cKwUXSguGJ4, 160.000, 170.000, "/m/01j3sz,/m/07sq110,/m/09x0r,/t/dd00001"
cM0lq0eO1-c, 330.000, 340.000, "/m/04rlf,/m/07sq110,/m/09x0r,/t/dd00126"
cQO9vfxKRX8, 80.000, 90.000, "/m/07sq110,/m/0ytgt"
cVcw3VuU6L4, 170.000, 180.000, "/m/07sq110,/t/dd00001,/t/dd00125"
cYECXplgRi4, 10.000, 20.000, "/m/01j3sz,/m/07r660_,/m/07sq110,/t/dd00126"
ccWlTpNjv6o, 10.000, 20.000, "/m/07sq110,/m/09x0r,/t/dd00125"
chXzIGe17Y0, 0.000, 10.000, "/m/07sq110,/t/dd00125"
ciF042MLvz0, 20.000, 30.000, "/m/0261r1,/m/07r660_,/m/07rgt08,/m/07sq110"
ciZILrT8NFY, 50.000, 60.000, "/m/07sq110,/m/0ytgt"
crqHIFytTNI, 100.000, 110.000, "/m/05zppz,/m/07sq110,/m/09x0r"
cxSnmTXv-Y4, 30.000, 40.000, "/m/01j3sz,/m/04rlf,/m/07sq110,/m/09x0r"
d0RYJAwQopY, 60.000, 70.000, "/m/01j3sz,/m/07r660_,/m/07sq110"
d1l0LQdGEew, 10.000, 20.000, "/m/07sq110,/m/09x0r"
d5UgOnw8XfY, 280.000, 290.000, "/m/07sq110,/m/09x0r,/t/dd00125"
d5fokuBB4Ts, 420.000, 430.000, "/m/07sq110"
d8M_SC_Orgw, 550.000, 560.000, "/m/0261r1,/m/07sq110"
dESbK9udd08, 100.000, 110.000, "/m/07r660_,/m/07sq110,/m/09x0r,/t/dd00125"
dMm6kLbcs3s, 30.000, 40.000, "/m/01b_21,/m/07sq110,/m/09x0r"
dNIWbzeCOE4, 170.000, 180.000, "/m/07sq110"
dN_t2dalWPU, 20.000, 30.000, "/m/07sq110,/m/0ytgt"
dVFvvkVCBC8, 10.000, 20.000, "/m/01j3sz,/m/07r660_,/m/07sq110,/t/dd00001,/t/dd00126"
dVQBHS69hWU, 30.000, 40.000, "/m/0261r1,/m/07sq110"
dcy3L3JRMcc, 430.000, 440.000, "/m/07sq110,/m/0ytgt"
dhUZ5u-zeoM, 10.000, 20.000, "/m/01j3sz,/m/07r660_,/m/07rgt08,/m/07sq110,/m/09x0r,/t/dd00126"
dlNd0EFUzrU, 140.000, 150.000, "/m/07sq110,/m/09x0r,/m/0ytgt,/t/dd00001,/t/dd00125"
dwHq6W5vEc0, 300.000, 310.000, "/m/07sq110,/m/09x0r"
dxLWp0E7Dw0, 10.000, 20.000, "/m/07sq110"
dxp_uF7PYw0, 50.000, 60.000, "/m/01j3sz,/m/07sq110"
e5K6IM95L8g, 20.000, 30.000, "/m/07sq110,/m/09x0r,/t/dd00125"
eNV0N3my22g, 20.000, 30.000, "/m/01j3sz,/m/07sq110,/m/09x0r"
eTiXbXIFtVE, 0.000, 10.000, "/m/01j3sz,/m/07sq110"
eUll6XN0pC8, 20.000, 30.000, "/m/07sq110,/m/09x0r,/m/0ytgt,/t/dd00125"
eVFBfin4c0s, 120.000, 130.000, "/m/02p3nc,/m/07sq110"
eXC_--5chow, 50.000, 60.000, "/m/01j3sz,/m/07sq110,/m/09x0r"
eaBzsYGX-Z8, 30.000, 40.000, "/m/01j3sz,/m/02p3nc,/m/07sq110,/m/09x0r"
eemcbPjg-LY, 50.000, 60.000, "/m/07sq110"
epQTY9ZdCn8, 500.000, 510.000, "/m/07sq110,/m/09x0r,/m/0ytgt"
f6UN0S9pi28, 30.000, 40.000, "/m/07s04w4,/m/07sq110"
f6p8pycbNYM, 12.000, 22.000, "/m/07sq110,/m/09x0r"
fNC-Ug3Ilug, 30.000, 40.000, "/m/07sq110,/m/09x0r"
fUHM5NEqdm0, 30.000, 40.000, "/m/01j3sz,/m/07sq110"
fVrs8qALU1Q, 260.000, 270.000, "/m/07sq110,/t/dd00125"
fcA62wkKbRg, 320.000, 330.000, "/m/07sq110,/m/09x0r,/t/dd00125"
fsbZTOUPYGA, 30.000, 40.000, "/m/07sq110,/m/09x0r"
fvH4QsOLleE, 100.000, 110.000, "/m/03qc9zr,/m/07sq110,/m/09x0r,/t/dd00125"
fx6YWC4Wu5s, 300.000, 310.000, "/m/07sq110,/m/09x0r,/m/0ytgt,/t/dd00001,/t/dd00125"
fy2Vuam04dg, 20.000, 30.000, "/m/04rlf,/m/07sq110,/m/09x0r,/m/0ytgt,/t/dd00125"
g24GP8P_yRI, 490.000, 500.000, "/m/07sq110,/m/09x0r,/m/0ytgt,/t/dd00125"
g2Tdkuc88Mc, 50.000, 60.000, "/m/07sq110,/m/09x0r,/t/dd00126"
g5Ea1ge_G6w, 20.000, 30.000, "/m/07sq110,/m/09x0r,/m/0ytgt"
g725d_L71PI, 30.000, 40.000, "/m/01j3sz,/m/07sq110,/m/09x0r"
g8j1FszxGfc, 20.000, 30.000, "/m/01j3sz,/m/07sq110"
gKhgcMOTC08, 20.000, 30.000, "/m/07r660_,/m/07sq110,/m/09x0r"
gNDNUeb_EF0, 0.000, 10.000, "/m/07sq110"
gPF3LgB5uLY, 360.000, 370.000, "/m/07s04w4,/m/07sq110,/m/0ytgt"
gUNT2ilzV0o, 30.000, 40.000, "/m/07sq110,/m/09x0r,/t/dd00125"
gW7nhvZSWGk, 390.000, 400.000, "/m/04rlf,/m/07sq110,/m/09x0r"
gXemR1mrkCg, 160.000, 170.000, "/m/07sq110"
ggW6HlJsJPA, 280.000, 290.000, "/m/07s04w4,/m/07sq110"
gpgCucrWJKg, 130.000, 140.000, "/m/07sq110,/m/0ytgt"
guH3zhgjrJs, 10.000, 20.000, "/m/07sq110,/m/0ytgt"
gydnMm8fV0g, 30.000, 40.000, "/m/07sq110"
h5u5mlCTeMY, 110.000, 120.000, "/m/07rgt08,/m/07sq110"
hBsNc8TxxkA, 30.000, 40.000, "/m/01j3sz,/m/07r660_,/m/07sq110,/m/09x0r"
hFCcAk0z0X8, 30.000, 40.000, "/m/01j3sz,/m/07sq110"
hI1ZAucpeBY, 0.000, 10.000, "/m/07s04w4,/m/07sq110"
hNF3qXtjBlM, 150.000, 160.000, "/m/07sq110,/m/09x0r,/m/0ytgt,/t/dd00125"
hOfRuSw28l4, 40.000, 50.000, "/m/0261r1,/m/07rgt08,/m/07sq110"
hRiHrlmUuJQ, 60.000, 70.000, "/m/07sq110,/t/dd00125"
hUpR9rL1yx4, 130.000, 140.000, "/m/07sq110"
hW9UIDRhQcA, 10.000, 20.000, "/m/01j3sz,/m/07sq110,/m/09x0r"
hYCltSq458I, 30.000, 40.000, "/m/07sq110,/m/09x0r"
h_zv_bxqtAM, 440.000, 450.000, "/m/07sq110"
hcI8rwJX04w, 21.000, 31.000, "/m/01j3sz,/m/07sq110"
hej-H5OKfqU, 30.000, 40.000, "/m/07sq110"
hnbpLHcoOYw, 70.000, 80.000, "/m/07sq110,/m/09x0r,/m/0ytgt,/t/dd00125"
hoSiYwRWWqQ, 140.000, 150.000, "/m/028v0c,/m/07sq110,/t/dd00001,/t/dd00125"
hyWAmLi-cLI, 30.000, 40.000, "/m/03dnzn,/m/07sq110"
hybsxlvQ6bI, 30.000, 40.000, "/m/01j3sz,/m/07sq110,/m/09x0r"
i1SVG9vYELU, 20.000, 30.000, "/m/01j3sz,/m/07sq110"
iP1nDm6oex8, 180.000, 190.000, "/m/07sq110,/t/dd00001"
iPAHwYGuaE0, 50.000, 60.000, "/m/07sq110,/t/dd00125"
iRGxnc-3IwQ, 50.000, 60.000, "/m/01j3sz,/m/07sq110,/m/09x0r"
iRj3qI9jBNc, 70.000, 80.000, "/m/07sq110,/m/09x0r,/t/dd00125"
idUBlAGxIuM, 40.000, 50.000, "/m/07sq110,/m/09x0r,/t/dd00125"
ieEfG-9HHAc, 29.000, 39.000, "/m/01j3sz,/m/04rlf,/m/07sq110,/m/09x0r"
ijJg9KA_zw4, 120.000, 130.000, "/m/01j3sz,/m/02p3nc,/m/07sq110,/m/09x0r"
iy_5QS27q_A, 160.000, 170.000, "/m/01j3sz,/m/07rgt08,/m/07s04w4,/m/07sq110,/m/09x0r"
j-b8OmWTOkQ, 220.000, 230.000, "/m/07r660_,/m/07sq110,/m/09x0r"
j2Sc4FYNJc8, 30.000, 40.000, "/m/07sq110,/t/dd00125"
j4jiQVtKKA0, 30.000, 40.000, "/m/05x_td,/m/07sq110,/m/09x0r"
j8WFChyBDRc, 70.000, 80.000, "/m/07sq110,/m/09x0r"
jDJpJW6gFeo, 100.000, 110.000, "/m/07r660_,/m/07sq110,/m/09x0r,/m/0ytgt"
jHj1JhZGxuI, 10.000, 20.000, "/m/07sq110,/m/09x0r,/t/dd00001"
jM-E3t5zaDY, 40.000, 50.000, "/m/07sq110,/m/09x0r,/t/dd00125"
jTzu-7J4kKE, 330.000, 340.000, "/m/07sq110,/m/09x0r,/m/0ytgt"
jXRAbz5yEpA, 20.000, 30.000, "/m/01j3sz,/m/07sq110,/m/09x0r"
jeVVP_r1uW8, 70.000, 80.000, "/m/01j3sz,/m/07sq110"
jl1qQTODyzE, 90.000, 100.000, "/m/07r660_,/m/07sq110,/m/09x0r,/m/0ytgt"
jtnEjYhRLQc, 430.000, 440.000, "/m/07sq110,/m/09x0r"
k2W5dgDx6fU, 10.000, 20.000, "/m/07sq110,/t/dd00125"
k3bh88EADbQ, 10.000, 20.000, "/m/07sq110,/m/09x0r"
k4GjJ02IHcs, 20.000, 30.000, "/m/01j3sz,/m/07sq110,/m/09x0r,/t/dd00001"
k4y2xVMCE8Q, 60.000, 70.000, "/m/07sq110,/m/09x0r,/m/0ytgt,/t/dd00125"
kJtpvgORRI0, 10.000, 20.000, "/m/07sq110,/m/09x0r,/m/0ytgt,/t/dd00125"
kSMmQm4flgE, 20.000, 30.000, "/m/015p6,/m/07sq110,/m/09b5t,/m/09x0r"
kTss732f4Go, 30.000, 40.000, "/m/01j3sz,/m/07r660_,/m/07sq110,/m/09x0r"
kZ5laDkPk7Y, 110.000, 120.000, "/m/07sq110,/m/09x0r,/m/0ytgt"
knVwftFS2M8, 30.000, 40.000, "/m/01j3sz,/m/07sq110"
koB-y6hoE_s, 0.000, 10.000, "/m/07sq110,/m/09x0r"
koW60o-aLjI, 420.000, 430.000, "/m/01j3sz,/m/07sq110,/m/09x0r"
kwC9_qrgrU0, 170.000, 180.000, "/m/01d3sd,/m/07sq110,/m/09x0r,/m/0ytgt"
kxcAjq3z2Cg, 0.000, 10.000, "/m/07sq110,/m/09x0r,/m/0ytgt"
l2Gizt_7blU, 20.000, 30.000, "/m/07sq110"
lC92UburC8o, 30.000, 40.000, "/m/01j3sz,/m/07sq110"
lEuN1pt3R8I, 10.000, 20.000, "/m/03qc9zr,/m/07sq110,/m/0ytgt"
lRJDZYsi50g, 40.000, 50.000, "/m/07sq110"
lTil360Kg5A, 130.000, 140.000, "/m/01j3sz,/m/02p3nc,/m/02zsn,/m/07r660_,/m/07sq110,/m/09x0r"
leKKOozCxOc, 260.000, 270.000, "/m/07r660_,/m/07sq110,/m/09x0r,/t/dd00125"
lkNWjslxK1g, 2.000, 12.000, "/m/01j3sz,/m/07sq110"
lkgph5oP1mY, 570.000, 580.000, "/m/07sq110,/m/09x0r,/m/0ytgt"
ln8XOw-886M, 300.000, 310.000, "/m/07sq110"
lrc34Vwal5k, 210.000, 220.000, "/m/07sq110,/m/09x0r,/t/dd00001"
maGNW9ByedU, 70.000, 80.000, "/m/0261r1,/m/07sq110"
mbv2OWabmyg, 280.000, 290.000, "/m/07sq110,/m/09x0r,/m/0ytgt,/t/dd00125"
mnZWrMBn-8U, 70.000, 80.000, "/m/01j3sz,/m/07sq110"
movWoozU1CQ, 240.000, 250.000, "/m/07sq110,/m/09x0r,/m/0ytgt,/t/dd00125"
msM1M4cncfg, 0.000, 10.000, "/m/07sq110,/m/09x0r,/m/0ytgt,/t/dd00125"
mxXNAfG1xwY, 150.000, 160.000, "/m/07sq110,/m/09x0r,/m/0ytgt,/t/dd00126"
myKkGpWXEFI, 50.000, 60.000, "/m/07sq110,/m/09x0r,/t/dd00001,/t/dd00126"
n03I8hW_mm0, 30.000, 40.000, "/m/01j3sz,/m/07s04w4,/m/07sq110"
n5XfGkxeL14, 50.000, 60.000, "/m/01j3sz,/m/07sq110,/m/09x0r,/t/dd00125"
n7_CLpzRYiU, 100.000, 110.000, "/m/0261r1,/m/07sq110,/m/09x0r,/t/dd00125"
n7o4X3-FkkA, 60.000, 70.000, "/m/07sq110,/m/09x0r"
nAMXr0pdMV0, 380.000, 390.000, "/m/07sq110,/m/09x0r,/t/dd00125"
nD_00YyW_z0, 10.000, 20.000, "/m/01j3sz,/m/07sq110,/m/09x0r"
nEUCtq5PkMs, 0.000, 10.000, "/m/01j3sz,/m/05zppz,/m/07sq110,/m/09x0r,/t/dd00001"
nFhAQKmZtdc, 120.000, 130.000, "/m/07sq110,/m/09x0r,/m/0ytgt,/t/dd00125"
nGLWLH8pb-w, 200.000, 210.000, "/m/07sq110,/m/09x0r"
nGqbbbH__oc, 40.000, 50.000, "/m/07sq110,/t/dd00125"
nI9ftKQGx70, 120.000, 130.000, "/m/01j3sz,/m/07sq110,/m/09x0r,/t/dd00001"
n_FqNaRyUL0, 0.000, 10.000, "/m/07sq110,/m/09x0r,/m/0ytgt"
nczKGKmIDQY, 50.000, 60.000, "/m/0261r1,/m/07sq110,/m/09x0r"
ngAEUfF76Po, 240.000, 250.000, "/m/01j3sz,/m/07sq110"
noONbm0WhLk, 30.000, 40.000, "/m/01hsr_,/m/07sq110,/m/09x0r"
nrtrfIe5l2Q, 40.000, 50.000, "/m/01j3sz,/m/07sq110,/m/09x0r"
ntNIFJecUxs, 30.000, 40.000, "/m/01j3sz,/m/07sq110,/m/09x0r"
nwrzfurywPo, 30.000, 40.000, "/m/01j3sz,/m/07sq110"
o-qzJIGVPs8, 0.000, 10.000, "/m/01j3sz,/m/07sq110,/m/09x0r,/m/0lyf6"
o07rhGprtAU, 130.000, 140.000, "/m/01j3sz,/m/07sq110"
o2WDa04dvg0, 10.000, 20.000, "/m/01j3sz,/m/07sq110,/m/09x0r"
o3rgX2w6tgI, 10.000, 20.000, "/m/07sq110,/m/09x0r,/m/0ytgt"
o4Z9DJi8AJo, 50.000, 60.000, "/m/01j3sz,/m/02p3nc,/m/07sq110,/t/dd00001"
oGiWpCNvfLg, 50.000, 60.000, "/m/01j3sz,/m/07sq110,/m/0ytgt"
oJvRfeoY2kI, 30.000, 40.000, "/m/01j3sz,/m/07sq110"
oSUCIMc3Vp8, 30.000, 40.000, "/m/01j3sz,/m/07s04w4,/m/07sq110"
oUG3rC1gf6c, 130.000, 140.000, "/m/03qc9zr,/m/07r660_,/m/07sq110,/m/09x0r,/t/dd00125"
oW1fv2aTH_c, 10.000, 20.000, "/m/07sq110,/m/09x0r"
og_nfmnT-xA, 0.000, 10.000, "/m/01j3sz,/m/07sq110"
on4fKhL4lBA, 80.000, 90.000, "/m/01j3sz,/m/04rlf,/m/07s04w4,/m/07sq110"
ovhZ7TyVf-8, 100.000, 110.000, "/m/07sq110,/m/09x0r,/t/dd00125"
owQ2vDHa6eQ, 250.000, 260.000, "/m/07sq110,/m/09x0r"
p7oucErkxGY, 390.000, 400.000, "/m/07r660_,/m/07sq110,/m/09x0r"
pGdFx6lltFk, 90.000, 100.000, "/m/01j3sz,/m/07sq110,/m/09x0r"
pGvHqleprY8, 30.000, 40.000, "/m/07sq110,/m/09x0r,/m/0ytgt,/t/dd00125"
pPu34yoUvEA, 10.000, 20.000, "/m/07r660_,/m/07sq110,/m/09x0r"
pSFBhgKBAT4, 160.000, 170.000, "/m/07sq110"
pbHEx_HEK9A, 30.000, 40.000, "/m/01j3sz,/m/04rlf,/m/07sq110,/m/09x0r"
pg8wKZJ42X8, 70.000, 80.000, "/m/07sq110,/m/09x0r"
poMrhSi5mnY, 10.000, 20.000, "/m/07sq110,/m/09x0r,/t/dd00001,/t/dd00125"
qGz8KEtJ1kI, 30.000, 40.000, "/m/01j3sz,/m/07sq110,/t/dd00001"
qIihHIhrrOo, 40.000, 50.000, "/m/07sq110,/t/dd00001,/t/dd00125"
qTuRjwXGCj8, 60.000, 70.000, "/m/07sq110,/m/09x0r,/t/dd00125"
qVhUBmicf3E, 80.000, 90.000, "/m/02p3nc,/m/07sq110,/m/09x0r"
q_VrOB3hY40, 18.000, 28.000, "/m/01j3sz,/m/07sq110"
qg23KbNtkCw, 580.000, 590.000, "/m/01j3sz,/m/07sq110,/m/09x0r"
qyttwGsBlxc, 0.000, 10.000, "/m/07sq110"
qyzt7i-faAM, 130.000, 140.000, "/m/01j3sz,/m/07sq110"
r-I2WIwtzwU, 10.000, 20.000, "/m/01j3sz,/m/07sq110"
r20vx26e0zY, 40.000, 50.000, "/m/07sq110,/m/09x0r"
r2ydhbuSkFs, 10.000, 20.000, "/m/07sq110,/m/09x0r,/t/dd00001,/t/dd00125"
r7yzwTB9RtY, 250.000, 260.000, "/m/07r660_,/m/07sq110,/m/09x0r,/t/dd00125"
rF3khgnrjsU, 60.000, 70.000, "/m/07sq110"
rFwxCYnVv5A, 20.000, 30.000, "/m/03fwl,/m/07sq110,/m/09x0r,/m/0jbk,/m/0ytgt,/t/dd00001"
rGcMjNk4Oe8, 30.000, 40.000, "/m/01j3sz,/m/07sq110,/m/09x0r"
rcO_pMf_6ng, 130.000, 140.000, "/m/0463cq4,/m/07sq110,/m/09x0r,/t/dd00125"
rpCowzKnyOE, 200.000, 210.000, "/m/07sq110,/t/dd00125"
rz8UhIA13z4, 30.000, 40.000, "/m/01j3sz,/m/07sq110,/m/09x0r"
s1MNqY9mCWY, 30.000, 40.000, "/m/07r660_,/m/07sq110,/m/09x0r,/t/dd00125"
s2sgpPK3x0M, 0.000, 10.000, "/m/07sq110"
s3d-mpST_JI, 60.000, 70.000, "/m/01j3sz,/m/07r660_,/m/07sq110,/m/09x0r"
sKHewcx-_mE, 120.000, 130.000, "/m/07sq110,/m/09x0r,/t/dd00001,/t/dd00126"
sdmRW5UmmNk, 50.000, 60.000, "/m/01j3sz,/m/07r660_,/m/07sq110,/t/dd00001"
sqihyiFS8lw, 60.000, 70.000, "/m/07r660_,/m/07sq110,/m/09x0r,/t/dd00125"
ssRc6MYXoB8, 100.000, 110.000, "/m/07sq110,/m/09x0r,/m/0ytgt"
sx0az0BQulk, 10.000, 20.000, "/m/07sq110,/m/09x0r"
t17SHNxRkW0, 30.000, 40.000, "/m/07sq110"
tA-UvWN9D_I, 10.000, 20.000, "/m/01j3sz,/m/07sq110"
tDKy1zaQT6c, 80.000, 90.000, "/m/01j3sz,/m/07r660_,/m/07sq110"
tFDKPBjv5IQ, 30.000, 40.000, "/m/07sq110,/m/09x0r,/t/dd00125"
tbQS_T2z85o, 80.000, 90.000, "/m/01j3sz,/m/07r660_,/m/07sq110"
td6OguXo_fY, 390.000, 400.000, "/m/07sq110,/m/09x0r"
ttNFXW3ZEvw, 10.000, 20.000, "/m/01j3sz,/m/07sq110,/m/09x0r"
u79xCTkz0rs, 190.000, 200.000, "/m/07sq110,/m/09x0r"
uln4khwaf7E, 190.000, 200.000, "/m/01d3sd,/m/07sq110"
uwBXB6qZmmA, 30.000, 40.000, "/m/01j3sz,/m/07sq110,/m/09x0r"
v7o5DM65wy4, 20.000, 30.000, "/m/07sq110,/t/dd00125"
vFyLTtgQTaY, 80.000, 90.000, "/m/07sq110,/m/09x0r,/t/dd00125"
vGxPJj48jxc, 20.000, 30.000, "/m/01j3sz,/m/07sq110,/t/dd00001"
vJ8-MapzmLk, 40.000, 50.000, "/m/01j3sz,/m/07sq110,/m/09x0r,/t/dd00125"
vJPOfaLXUj4, 30.000, 40.000, "/m/07sq110,/m/09x0r"
vQWBb0DRFoo, 330.000, 340.000, "/m/07r660_,/m/07sq110,/m/09x0r"
varD0b9CTgs, 20.000, 30.000, "/m/07sq110,/m/09x0r,/t/dd00125"
vk9Fxm-uT84, 6.000, 16.000, "/m/01j3sz,/m/07sq110,/m/09x0r"
vtcIO82m94s, 0.000, 10.000, "/m/07sq110,/m/09x0r"
vvreNCiTSTo, 7.000, 17.000, "/m/01j3sz,/m/07sq110,/m/09x0r"
vz8868znkVQ, 60.000, 70.000, "/m/07sq110,/m/09x0r,/m/0ytgt"
w20hXRtIyIU, 20.000, 30.000, "/m/01j3sz,/m/07sq110"
w2R_J9zSX1U, 110.000, 120.000, "/m/07r660_,/m/07rgt08,/m/07s04w4,/m/07sq110,/m/09x0r"
w6Bvat0ASu4, 40.000, 50.000, "/m/01j3sz,/m/07sq110"
w726EP8dz4A, 140.000, 150.000, "/m/07sq110,/m/09x0r,/t/dd00125"
w9o9M6XtCYA, 0.000, 10.000, "/m/03qc9zr,/m/07r660_,/m/07sq110,/m/09x0r"
wADA99RMaWo, 10.000, 20.000, "/m/07sq110,/m/09x0r"
wJSvm9Y7GR4, 90.000, 100.000, "/m/01j3sz,/m/07sq110,/t/dd00001"
wMwyLhoeiqU, 30.000, 40.000, "/m/01j3sz,/m/07rgt08,/m/07s04w4,/m/07sq110"
wSy2WnQRVys, 0.000, 10.000, "/m/07sq110,/m/09x0r"
wVtj3mHWv7k, 20.000, 30.000, "/m/07sq110,/m/09x0r"
wgIm5tK4HBY, 21.000, 31.000, "/m/07sq110,/m/09x0r"
wtcf9haQxeY, 60.000, 70.000, "/m/07sq110,/m/09x0r,/t/dd00001,/t/dd00125"
x-2VTyB_6pY, 30.000, 40.000, "/m/07sq110,/m/09x0r"
x02Wmrc1bic, 30.000, 40.000, "/m/01j3sz,/m/07sq110"
x2B8lxASR0c, 20.000, 30.000, "/m/01j3sz,/m/07sq110"
x2guhF8m53o, 90.000, 100.000, "/m/02zsn,/m/07sq110,/m/09x0r,/m/0ytgt"
x3mI2f1xMFs, 20.000, 30.000, "/m/01j3sz,/m/0261r1,/m/07r660_,/m/07s04w4,/m/07sq110"
x6bWE1lvz-4, 20.000, 30.000, "/m/07sq110,/m/09x0r,/t/dd00001"
xLFgsfiEUvw, 20.000, 30.000, "/m/01j3sz,/m/07sq110"
xMFWf-cUzck, 30.000, 40.000, "/m/01j3sz,/m/07sq110,/m/09x0r"
xQae8J35hK0, 350.000, 360.000, "/m/07sq110,/m/09x0r,/m/0ytgt"
xVtgBcbyLJk, 0.000, 10.000, "/m/01j3sz,/m/07sq110,/m/09x0r,/t/dd00001"
xdmBIXKF3BM, 30.000, 40.000, "/m/01j3sz,/m/07sq110"
xnk2GEbTWTc, 10.000, 20.000, "/m/01j3sz,/m/07sq110"
xqrwCyRTV-g, 0.000, 10.000, "/m/01j3sz,/m/07r660_,/m/07sq110,/m/09x0r"
xuPTXTDmxrc, 30.000, 40.000, "/m/07sq110,/m/09x0r,/t/dd00125"
xwW09GnQ6FA, 20.000, 30.000, "/m/07sq110,/m/09x0r"
xwoTcwpQ1N8, 290.000, 300.000, "/m/01j3sz,/m/07s04w4,/m/07sq110,/m/09x0r,/t/dd00001"
y17lDDuKUi0, 0.000, 10.000, "/m/07sq110,/m/0ytgt"
y3LY7sj0QQg, 190.000, 200.000, "/m/04rlf,/m/07sq110,/m/09x0r,/t/dd00125"
yEr6UM6PDqw, 120.000, 130.000, "/m/07sq110,/m/09x0r,/t/dd00126"
yHrDUJFXxjY, 0.000, 10.000, "/m/01j3sz,/m/07sq110,/m/09x0r,/t/dd00001"
yIU6cf9jrZs, 60.000, 70.000, "/m/07sq110"
yK7tFxqiwzY, 120.000, 130.000, "/m/07r660_,/m/07sq110,/m/09x0r,/m/0ytgt,/t/dd00001"
yXeRu8kz1_Q, 11.000, 21.000, "/m/01j3sz,/m/07sq110,/m/09x0r"
yabLLyoQDVM, 300.000, 310.000, "/m/07sq110,/m/09x0r,/t/dd00125"
ydbKjDPtkg4, 60.000, 70.000, "/m/07sq110"
yjipBX9NoZI, 110.000, 120.000, "/m/07r660_,/m/07sq110,/m/0ytgt,/t/dd00125"
ykF2Y10yDD0, 30.000, 40.000, "/m/07r660_,/m/07sq110,/m/09x0r,/t/dd00001"
ylkOh8wCSpY, 290.000, 300.000, "/m/07r660_,/m/07sq110,/m/09x0r"
ynqtyrSy_KY, 8.000, 18.000, "/m/01j3sz,/m/04rlf,/m/07sq110"
yqLn9gUyd1A, 16.000, 26.000, "/m/07sq110"
ytTT_HJeoOo, 10.000, 20.000, "/m/01j3sz,/m/07sq110,/t/dd00001"
z-ehTdI9hkk, 160.000, 170.000, "/m/07sq110,/m/09x0r,/t/dd00001"
z7gKTcyj8L8, 0.000, 10.000, "/m/07sq110"
zJxqIiKd3wM, 310.000, 320.000, "/m/04rlf,/m/07sq110,/m/09x0r,/t/dd00125"
zTyg4pn2L5c, 10.000, 20.000, "/m/07sq110,/m/09x0r,/t/dd00125"
zaDs956Loao, 210.000, 220.000, "/m/07sq110,/m/09x0r,/t/dd00125"
ziTvM--T_DA, 0.000, 10.000, "/m/07sq110,/m/09x0r,/t/dd00001"
zjZf3oxNpG4, 470.000, 480.000, "/m/07sq110,/m/09x0r,/t/dd00125"
zwZp1MB1clU, 70.000, 80.000, "/m/07sq110,/m/09x0r,/m/0ytgt"
zxw47uGcfWM, 230.000, 240.000, "/m/07sq110,/m/09x0r,/t/dd00125"
zypD6zoI_J8, 170.000, 180.000, "/m/04rlf,/m/07sq110,/m/09x0r,/t/dd00001,/t/dd00125"
